tweet_id,event_id,event_name,full_text,date
269710855782932480,TRECIS-CTIT-H-Test-007,guatemalaEarthquake2012,"RT @NewEarthquake: 4.5 earthquake, 67km SSW of Ocos, Guatemala. Nov 17 00:47 at epicenter (34m ago, depth 35km). http://t.co/OP9lT59n",Sat Nov 17 07:57:33 +0000 2012
271320583541776384,TRECIS-CTIT-H-Test-007,guatemalaEarthquake2012,,
266219655549575169,TRECIS-CTIT-H-Test-007,guatemalaEarthquake2012,"Ooh ""@NewEarthquake: 7.5 earthquake, 49km SW of Champerico, Guatemala. Nov 7 10:35 at epicenter (6m ago, depth 33km). http://t.co/fosO1UT6""",Wed Nov 07 16:44:46 +0000 2012
266219773006843906,TRECIS-CTIT-H-Test-007,guatemalaEarthquake2012,"RT @NewEarthquake: 7.5 earthquake, 49km SW of Champerico, Guatemala. Nov 7 10:35 at epicenter (6m ago, depth 33km). http://t.co/brZ8J9F9",Wed Nov 07 16:45:14 +0000 2012
266219869471649793,TRECIS-CTIT-H-Test-007,guatemalaEarthquake2012,"RT @prensa_libre: RT @NewEarthquake: 7.5 earthquake, 49km SW of Champerico, Guatemala. Nov 7 10:35 at epicenter (6m ago, depth 33km). ht ...",Wed Nov 07 16:45:37 +0000 2012
266220150485835776,TRECIS-CTIT-H-Test-007,guatemalaEarthquake2012,"""@NewEarthquake: 7.5 earthquake, 49km SW of Champerico, Guatemala. Nov 7 10:35 at epicenter. http://t.co/YSzDJzN8"" QUE GRUESO!",Wed Nov 07 16:46:44 +0000 2012
266220314038501376,TRECIS-CTIT-H-Test-007,guatemalaEarthquake2012,"""@NewEarthquake: 7.5 earthquake, 49km SW of Champerico, Guatemala. Nov 7 10:35 at epicenter (6m ago, depth 33km)."" O.o",Wed Nov 07 16:47:23 +0000 2012
266220330815737856,TRECIS-CTIT-H-Test-007,guatemalaEarthquake2012,"RT @NewEarthquake: 7.5 earthquake, 49km SW of Champerico, Guatemala. Nov 7 10:35 at epicenter (6m ago, depth 33km). http://t.co/brZ8J9F9",Wed Nov 07 16:47:27 +0000 2012
266220368585449472,TRECIS-CTIT-H-Test-007,guatemalaEarthquake2012,RT @PacificNPS: 7.5 Earthquake just struck off Pacific Coast of Guatemala: http://t.co/b0iuoPAz,Wed Nov 07 16:47:36 +0000 2012
266220393763860482,TRECIS-CTIT-H-Test-007,guatemalaEarthquake2012,"RT @NewEarthquake: 7.5 earthquake, 49km SW of Champerico, Guatemala. Nov 7 10:35 at epicenter (6m ago, depth 33km). http://t.co/brZ8J9F9",Wed Nov 07 16:47:42 +0000 2012
266221849166376961,TRECIS-CTIT-H-Test-007,guatemalaEarthquake2012,"RT @NewEarthquake: 7.5 earthquake, 49km SW of Champerico, Guatemala. Nov 7 10:35 at epicenter (6m ago, depth 33km). http://t.co/brZ8J9F9",Wed Nov 07 16:53:29 +0000 2012
266222126007197696,TRECIS-CTIT-H-Test-007,guatemalaEarthquake2012,"Strong tremor felt in Guatemala City, El Salvador: GUATEMALA CITY (Reuters) - A strong earthquake shook building... http://t.co/UMauuZrS",Wed Nov 07 16:54:35 +0000 2012
266222276968603648,TRECIS-CTIT-H-Test-007,guatemalaEarthquake2012,RT @BBCBreaking: Magnitude 7.5 earthquake strikes off Guatemala's Pacific Coast. No Tsunami warning issued. Details soon http://t.co/E3b ...,Wed Nov 07 16:55:11 +0000 2012
266222386045661184,TRECIS-CTIT-H-Test-007,guatemalaEarthquake2012,RT @cnnbrk: USGS: 7.5-magnitude earthquake strikes off  #Guatemala http://t.co/N2BohJRd,Wed Nov 07 16:55:37 +0000 2012
266222608339587072,TRECIS-CTIT-H-Test-007,guatemalaEarthquake2012,"RT @BreakingNews: Magnitude 7.3 earthquake hits off Guatemala's Pacific coast, USGS reports - @Reuters",Wed Nov 07 16:56:30 +0000 2012
266222776094957568,TRECIS-CTIT-H-Test-007,guatemalaEarthquake2012,RT @cnnbrk: USGS: 7.5-magnitude earthquake strikes off  #Guatemala http://t.co/N2BohJRd,Wed Nov 07 16:57:10 +0000 2012
266223115850362880,TRECIS-CTIT-H-Test-007,guatemalaEarthquake2012,RT @BBCBreaking: Magnitude 7.5 earthquake strikes off Guatemala's Pacific Coast. No Tsunami warning issued. Details soon http://t.co/E3b ...,Wed Nov 07 16:58:31 +0000 2012
266223346520297472,TRECIS-CTIT-H-Test-007,guatemalaEarthquake2012,RT @djfxtrader: Magnitude 7.5 Quake Hits Off Guatemala's Pacific Coast -USGS,Wed Nov 07 16:59:26 +0000 2012
266223430431551489,TRECIS-CTIT-H-Test-007,guatemalaEarthquake2012,Watching the news when the earthquake alarm went off. 7.3 along the border with Guatemala from what I know.,Wed Nov 07 16:59:46 +0000 2012
266223501705355266,TRECIS-CTIT-H-Test-007,guatemalaEarthquake2012,"RT @NewEarthquake: Revised (7.5 -&gt; 7.4): 7.4 earthquake, 24km S of Champerico, Guatemala. Nov 7 10:35 at epicenter (20m ago, depth 42 ...",Wed Nov 07 17:00:03 +0000 2012
266223745004351489,TRECIS-CTIT-H-Test-007,guatemalaEarthquake2012,"""@Reuters: Magnitude 7.3 earthquake hits off Guatemala's Pacific coast - USGS""",Wed Nov 07 17:01:01 +0000 2012
266223887598108675,TRECIS-CTIT-H-Test-007,guatemalaEarthquake2012,"@justinbieber Revised (7.5 -&gt; 7.4): 7.4 earthquake, 24km S of Champerico, Guatemala. Nov 7 10:35 at epicenter (20m ago, depth 42km).",Wed Nov 07 17:01:35 +0000 2012
266224709694275585,TRECIS-CTIT-H-Test-007,guatemalaEarthquake2012,RT @Reuters: Magnitude 7.3 earthquake hits off Guatemala's Pacific coast - USGS,Wed Nov 07 17:04:51 +0000 2012
266224869056847872,TRECIS-CTIT-H-Test-007,guatemalaEarthquake2012,Magnitude 7.5 quake hits off Guatemala’s Pacific Coast – USGS http://t.co/nouq1GwL,Wed Nov 07 17:05:29 +0000 2012
266224969720160256,TRECIS-CTIT-H-Test-007,guatemalaEarthquake2012,"RT @QuakeReports: earthquake: M 7.4, offshore Guatemala http://t.co/gnsCqvF6",Wed Nov 07 17:05:53 +0000 2012
266225036845793280,TRECIS-CTIT-H-Test-007,guatemalaEarthquake2012,"RT @NewEarthquake: Revised (7.5 -&gt; 7.4): 7.4 earthquake, 24km S of Champerico, Guatemala. Nov 7 10:35 at epicenter (20m ago, depth 42 ...",Wed Nov 07 17:06:09 +0000 2012
266225116524982274,TRECIS-CTIT-H-Test-007,guatemalaEarthquake2012,"RT @BillWixey: BREAKING: A 7.5-magnitude earthquake has hit off the coast of Guatemala, according to the U.S. Geological Survey.",Wed Nov 07 17:06:28 +0000 2012
266225145910292480,TRECIS-CTIT-H-Test-007,guatemalaEarthquake2012,http://t.co/hcq9qUq7 Magnitude 7.5 earthquake hits coast of Guatemala,Wed Nov 07 17:06:35 +0000 2012
266225259143913472,TRECIS-CTIT-H-Test-007,guatemalaEarthquake2012,Strong quake hits off Guatemala http://t.co/I7v9BxPI,Wed Nov 07 17:07:02 +0000 2012
266226135749234688,TRECIS-CTIT-H-Test-007,guatemalaEarthquake2012,RT @BBCBreaking: Magnitude 7.5 earthquake strikes off Guatemala's Pacific Coast. No Tsunami warning issued. Details soon http://t.co/E3b ...,Wed Nov 07 17:10:31 +0000 2012
266226701971898369,TRECIS-CTIT-H-Test-007,guatemalaEarthquake2012,"""@Surfrider: 7.5 earthquake off the coast of Guatemala (PWTA reports Mexico). No tsunami alert issued.",Wed Nov 07 17:12:46 +0000 2012
266227834442371072,TRECIS-CTIT-H-Test-007,guatemalaEarthquake2012,RT @BBCBreaking: Magnitude 7.5 earthquake strikes off Guatemala's Pacific Coast. No Tsunami warning issued. Details soon http://t.co/E3b ...,Wed Nov 07 17:17:16 +0000 2012
266228979466395648,TRECIS-CTIT-H-Test-007,guatemalaEarthquake2012,"BREAKING: 7.5 magnitude earthquake off coast of Guatemala, AP reports http://t.co/DDhIYMws #Earthquake #Guatemala",Wed Nov 07 17:21:49 +0000 2012
266229411517456384,TRECIS-CTIT-H-Test-007,guatemalaEarthquake2012,RT @Reuters: Magnitude 7.3 earthquake hits off Guatemala's Pacific coast - USGS,Wed Nov 07 17:23:32 +0000 2012
266230288110206976,TRECIS-CTIT-H-Test-007,guatemalaEarthquake2012,Strong earthquake hits Guatemala coast - USGS http://t.co/wMdSJE63,Wed Nov 07 17:27:01 +0000 2012
266230913040535552,TRECIS-CTIT-H-Test-007,guatemalaEarthquake2012,"RT @NewEarthquake: Revised (7.5 -&gt; 7.4): 7.4 earthquake, 24km S of Champerico, Guatemala. Nov 7 10:35 at epicenter (20m ago, depth 42 ...",Wed Nov 07 17:29:30 +0000 2012
266231957447376896,TRECIS-CTIT-H-Test-007,guatemalaEarthquake2012,,
266232523657469953,TRECIS-CTIT-H-Test-007,guatemalaEarthquake2012,"*MAGNITUDE 7.5 EARTHQUAKE HITS OFFSHORE GUATEMALA, USGS SAYS",Wed Nov 07 17:35:54 +0000 2012
266232632721952769,TRECIS-CTIT-H-Test-007,guatemalaEarthquake2012,RT @HuffingtonPost: ALERT: Strong earthquake reported in Guatemala  http://t.co/MWnFCQyp,Wed Nov 07 17:36:20 +0000 2012
266232901157396480,TRECIS-CTIT-H-Test-007,guatemalaEarthquake2012,RT @HuffingtonPost: ALERT: Strong earthquake reported in Guatemala  http://t.co/MWnFCQyp,Wed Nov 07 17:37:24 +0000 2012
266234029412605952,TRECIS-CTIT-H-Test-007,guatemalaEarthquake2012,RT @TheWatchers_: Massive earthquake M 7.4 strikes Guatemala http://t.co/X19d1kuR,Wed Nov 07 17:41:53 +0000 2012
266234646004654080,TRECIS-CTIT-H-Test-007,guatemalaEarthquake2012,"@InvasiveNotes good morning, John. A 4+ quake in Utah this morning also. And two 7+ offshore Guatemala. Mother Nature is restless. . . ~Bren",Wed Nov 07 17:44:20 +0000 2012
266235921073074177,TRECIS-CTIT-H-Test-007,guatemalaEarthquake2012,"Earthquake in Guatemala, as seen in Montserrat: http://t.co/wmE5AVQE",Wed Nov 07 17:49:24 +0000 2012
266236344672583681,TRECIS-CTIT-H-Test-007,guatemalaEarthquake2012,,
266237863031615488,TRECIS-CTIT-H-Test-007,guatemalaEarthquake2012,Updated blog post: Report: Strong quake off Guatemala is felt in Mexico City - http://t.co/Ag0Pbm8b: http://t.co/HvFjtXr5,Wed Nov 07 17:57:07 +0000 2012
266239632998555648,TRECIS-CTIT-H-Test-007,guatemalaEarthquake2012,Presidente Otto Pérez declares red alert in all of the country of #Guatemala.  Insivumeh removed the tsunami alert. http://t.co/peqm3GGH,Wed Nov 07 18:04:09 +0000 2012
266240639631511552,TRECIS-CTIT-H-Test-007,guatemalaEarthquake2012,RT @FRANCE24: 7.4 magnitude quake off Guatemala-Mexico coast: USGS http://t.co/rnwCGTdQ,Wed Nov 07 18:08:09 +0000 2012
266241994400092160,TRECIS-CTIT-H-Test-007,guatemalaEarthquake2012,"RT @EndTimeHeadline: EARTHQUAKE ALERT: A magnitude-7.5 earthquake has struck off the Pacific Coast of Guatemala, the USGS reports,... ht ...",Wed Nov 07 18:13:32 +0000 2012
266244359991721984,TRECIS-CTIT-H-Test-007,guatemalaEarthquake2012,RT @Surfrider: 7.5 earthquake off the coast of Guatemala (PWTA reports Mexico).  No tsunami alert issued. http://t.co/aBKvY9bT,Wed Nov 07 18:22:56 +0000 2012
266250638852243457,TRECIS-CTIT-H-Test-007,guatemalaEarthquake2012,RT @wxdude: My heart goes out to people in #Guatemala: A deadly 7.4 #earthquake hit earlier 101 miles WSW of Guatemala City; at least 10 ...,Wed Nov 07 18:47:53 +0000 2012
266255437156986880,TRECIS-CTIT-H-Test-007,guatemalaEarthquake2012,8 people dead in Guatemala due to a 7.5 earthquake,Wed Nov 07 19:06:57 +0000 2012
266256972284846080,TRECIS-CTIT-H-Test-007,guatemalaEarthquake2012,,
266257366536839168,TRECIS-CTIT-H-Test-007,guatemalaEarthquake2012,"RT @TWCBreaking: Sad news to report from #Guatemala - at least 8 confirmed dead, possibly more, by this morning's major earthquake.",Wed Nov 07 19:14:37 +0000 2012
266260734558740480,TRECIS-CTIT-H-Test-007,guatemalaEarthquake2012,My prayers go out to the victims of the earthquake in Guatemala.,Wed Nov 07 19:28:00 +0000 2012
266263947395624960,TRECIS-CTIT-H-Test-007,guatemalaEarthquake2012,Massive #earthquake in #Guatemala - Official death toll : 8 - 76000 people without #electricity - http://t.co/Q9QfY0iR,Wed Nov 07 19:40:46 +0000 2012
266269626495823872,TRECIS-CTIT-H-Test-007,guatemalaEarthquake2012,RT @fark: 7.4-magnitude earthquake strikes Guatemala as part of its Mayan Apocalypse Devastation Tour 2012 http://t.co/tYxDdmJo,Wed Nov 07 20:03:20 +0000 2012
266269932671606786,TRECIS-CTIT-H-Test-007,guatemalaEarthquake2012,Eight dead in the 7.5 magnitude earthquake in Guatemala,Wed Nov 07 20:04:33 +0000 2012
266270557606125569,TRECIS-CTIT-H-Test-007,guatemalaEarthquake2012,"#TopStories:  Strong quake off Guatemala kills 8, felt in Mexico City - Reuters http://t.co/a6keYjdo #MixAlotDjz",Wed Nov 07 20:07:02 +0000 2012
266275586610196481,TRECIS-CTIT-H-Test-007,guatemalaEarthquake2012,I uploaded a @YouTube video http://t.co/IH38rjos Earthquake Guatemala City,Wed Nov 07 20:27:01 +0000 2012
266281408287358976,TRECIS-CTIT-H-Test-007,guatemalaEarthquake2012,RT @_cris908: Damn there was an earthquake in guatemala :o,Wed Nov 07 20:50:09 +0000 2012
266281894814023680,TRECIS-CTIT-H-Test-007,guatemalaEarthquake2012,"USGSEarthQuake:M 5.0, offshore Guatemala | http://t.co/mWYAoVS6 | #earthquake",Wed Nov 07 20:52:05 +0000 2012
266281894834995201,TRECIS-CTIT-H-Test-007,guatemalaEarthquake2012,"RT @NewEarthquake: 5.0 earthquake, 41km SW of Champerico, Guatemala. Nov 7 13:55 at epicenter (33m ago, depth 35km). http://t.co/rCMaHauj",Wed Nov 07 20:52:05 +0000 2012
266284273001197568,TRECIS-CTIT-H-Test-007,guatemalaEarthquake2012,7.4-magnitude earthquake strikes Guatemala,Wed Nov 07 21:01:32 +0000 2012
266285426447376386,TRECIS-CTIT-H-Test-007,guatemalaEarthquake2012,,
266288664429068288,TRECIS-CTIT-H-Test-007,guatemalaEarthquake2012,Biggest earthquake in Guatemala since '76..Hoping that mis guatemaltecos are #stayingstrong http://t.co/hotaXnJ6,Wed Nov 07 21:18:59 +0000 2012
266289704603901953,TRECIS-CTIT-H-Test-007,guatemalaEarthquake2012,BBC News - Strong earthquake off Guatemala http://t.co/LD7mbN6x,Wed Nov 07 21:23:07 +0000 2012
266291491385798656,TRECIS-CTIT-H-Test-007,guatemalaEarthquake2012,RT @UNICEF_uk: Our thoughts are with the people who lost their lives in today's #earthquake in #Guatemala,Wed Nov 07 21:30:13 +0000 2012
266292347027980288,TRECIS-CTIT-H-Test-007,guatemalaEarthquake2012,"RT @AP: AP VIDEO: A magnitude-7.4 earthquake struck off the Pacific coast of Guatemala this morning, killing at least 15: http://t.co/DJ ...",Wed Nov 07 21:33:37 +0000 2012
266298097414586368,TRECIS-CTIT-H-Test-007,guatemalaEarthquake2012,At least 10 dead in Guatemala quake—firefighters http://t.co/M0V5BcoU #Philippines #News #worldnews,Wed Nov 07 21:56:28 +0000 2012
266298621698387968,TRECIS-CTIT-H-Test-007,guatemalaEarthquake2012,RT @myfoxla: RT @GigiGraciette: #Guatemala: Pres Otto Perez says over 100 people missing+15 dead after major #earthquake. At least 1 sch ...,Wed Nov 07 21:58:33 +0000 2012
266300588831145985,TRECIS-CTIT-H-Test-007,guatemalaEarthquake2012,"RT @NewEarthquake: 7.5 earthquake, 49km SW of Champerico, Guatemala. Nov 7 10:35 at epicenter (6m ago, depth 33km). http://t.co/brZ8J9F9",Wed Nov 07 22:06:22 +0000 2012
266303294157242368,TRECIS-CTIT-H-Test-007,guatemalaEarthquake2012,RT @cnnbrk: At least 29 people were killed after an #earthquake struck off Guatemala's coast. http://t.co/h5GUIWpw,Wed Nov 07 22:17:07 +0000 2012
266303654892552192,TRECIS-CTIT-H-Test-007,guatemalaEarthquake2012,"RT @CBCAlerts: 3 confirmed dead, up to 100 missing in #Guatemala quake . 7.4 quake destroys 30 homes in village of San Marcos. #USGS",Wed Nov 07 22:18:33 +0000 2012
266308075667988480,TRECIS-CTIT-H-Test-007,guatemalaEarthquake2012,RT @cnnbrk: At least 29 people were killed after an #earthquake struck off Guatemala's coast. http://t.co/h5GUIWpw,Wed Nov 07 22:36:07 +0000 2012
266309396882145280,TRECIS-CTIT-H-Test-007,guatemalaEarthquake2012,11/7/2012 -- 7.5M earthquake offshore Guatemala -- No Tsunami Warning: http://t.co/zi8viGE5 via @youtube,Wed Nov 07 22:41:22 +0000 2012
266310487401185280,TRECIS-CTIT-H-Test-007,guatemalaEarthquake2012,RT @Reuters: Death toll in Guatemala quake rises to 18 - fire chief http://t.co/eN6I5twS,Wed Nov 07 22:45:42 +0000 2012
266311842144583680,TRECIS-CTIT-H-Test-007,guatemalaEarthquake2012,"RT @businessinsider: 7.4 Magnitude Earthquake Rocks Guatemala, Killing 39 by @microbelover http://t.co/9khxNYL1",Wed Nov 07 22:51:05 +0000 2012
266331622507433986,TRECIS-CTIT-H-Test-007,guatemalaEarthquake2012,"Strong quake off Guatemala kills 39, felt in Mexico City: GUATEMALA CITY (Reuters) - A strong earthquake off the... http://t.co/hn5OefLj",Thu Nov 08 00:09:41 +0000 2012
266335158305685504,TRECIS-CTIT-H-Test-007,guatemalaEarthquake2012,"Check this out: Powerful quake hits Guatemala, killing at least 39  [a link in my bio]",Thu Nov 08 00:23:44 +0000 2012
266338698302472193,TRECIS-CTIT-H-Test-007,guatemalaEarthquake2012,"Powerful quake hits Guatemala, killing at least 39 - Houston Chronicle: CBS NewsPowerful quake hits Guatemala, k... http://t.co/dEvZHgoK",Thu Nov 08 00:37:48 +0000 2012
266341688832827392,TRECIS-CTIT-H-Test-007,guatemalaEarthquake2012,"RT @ChinaDailyEU: Strong earthquake hits Guatemala, killing 39: A strong earthquake off the coast of Guatemala on Wednesday shook ... ht ...",Thu Nov 08 00:49:41 +0000 2012
266348097720967168,TRECIS-CTIT-H-Test-007,guatemalaEarthquake2012,RT @thestormreport: RT @ap: UPDATE: Guatemala president: earthquake kills at least 39 people: http://t.co/wZBFdqGa -CJ,Thu Nov 08 01:15:09 +0000 2012
266357165814587392,TRECIS-CTIT-H-Test-007,guatemalaEarthquake2012,heart goes out to those who have been killed or hurt in guatemala.. R.I.P. #earthquake #2012,Thu Nov 08 01:51:11 +0000 2012
266361213292789760,TRECIS-CTIT-H-Test-007,guatemalaEarthquake2012,@RBD_4Siempre well your family in Guatemala thier was a 7.4 earthquake,Thu Nov 08 02:07:16 +0000 2012
266368817595285504,TRECIS-CTIT-H-Test-007,guatemalaEarthquake2012,,
266370348486885376,TRECIS-CTIT-H-Test-007,guatemalaEarthquake2012,Dozens killed in Guatemala quake: At least 48 people are killed and many more are missing after a 7.4-magnitude quake strikes off the...,Thu Nov 08 02:43:34 +0000 2012
266376476377616384,TRECIS-CTIT-H-Test-007,guatemalaEarthquake2012,"RT @FoxNews: Magnitude-7.4 earthquake strikes off coast of Guatemala, reportedly killing at least 15 http://t.co/TxfkEIuw",Thu Nov 08 03:07:55 +0000 2012
266380041519243265,TRECIS-CTIT-H-Test-007,guatemalaEarthquake2012,Quake Kills at Least 48 in Guatemala - Wall Street Journal: Wall Street JournalQuake Kills at Least 48 in Guatem... http://t.co/gzk7tWWh,Thu Nov 08 03:22:05 +0000 2012
266380758745219073,TRECIS-CTIT-H-Test-007,guatemalaEarthquake2012,Strong earthquake off Guatemala kills at least 48: A strong earthquake off the coast of Guatemala killed at leas... http://t.co/DU8SC3WW,Thu Nov 08 03:24:56 +0000 2012
266381928989589505,TRECIS-CTIT-H-Test-007,guatemalaEarthquake2012,Strong earthquake off Guatemala kills at least 48: A strong earthquake off the coast of Guatemala killed at leas... http://t.co/YxnvHau7,Thu Nov 08 03:29:35 +0000 2012
266383879311593472,TRECIS-CTIT-H-Test-007,guatemalaEarthquake2012,RT @SkyNews: Guatemala Earthquake: At Least 48 Dead http://t.co/ihMyu14D,Thu Nov 08 03:37:20 +0000 2012
266384709779615744,TRECIS-CTIT-H-Test-007,guatemalaEarthquake2012,Quake Kills at Least 48 in Guatemala - Wall Street Journal: Wall Street JournalQuake Kills at Least 48 in Guatem... http://t.co/zVr4lnzj,Thu Nov 08 03:40:38 +0000 2012
266388337869348864,TRECIS-CTIT-H-Test-007,guatemalaEarthquake2012,BBC News - Home: VIDEO: Dozens killed in Guatemala quake:                     BBC News - Home                   ... http://t.co/xwRxinPr,Thu Nov 08 03:55:03 +0000 2012
266388799242772480,TRECIS-CTIT-H-Test-007,guatemalaEarthquake2012,,
266391231955873792,TRECIS-CTIT-H-Test-007,guatemalaEarthquake2012,"Praying for everyone affected by the earthquake in Guatemala, especially all my loved ones and family. Stay safe",Thu Nov 08 04:06:33 +0000 2012
266391722685235200,TRECIS-CTIT-H-Test-007,guatemalaEarthquake2012,RT @WorldVisionUSA: Sending out a prayer to those affected by the earthquake in Guatemala. // Article from @CNN: http://t.co/8i7Ujtob,Thu Nov 08 04:08:30 +0000 2012
266395724034502656,TRECIS-CTIT-H-Test-007,guatemalaEarthquake2012,"Powerful quake hits Guatemala, 48 dead: A 7.4-magnitude earthquake has rocked Guatemala, killing at least 48 peo... http://t.co/iiyuADUA",Thu Nov 08 04:24:24 +0000 2012
266409837854863360,TRECIS-CTIT-H-Test-007,guatemalaEarthquake2012,RT @unspokenmusic: Let's pray for our brothers and sisters in Guatemala. They got rocked by a 7.4 magnitude earthquake.,Thu Nov 08 05:20:29 +0000 2012
266413008757075968,TRECIS-CTIT-H-Test-007,guatemalaEarthquake2012,,
266420449456562176,TRECIS-CTIT-H-Test-007,guatemalaEarthquake2012,"Guatemala quake kills dozens: A 7.4-magnitude earthquake hit Wednesday off the coast of Guatemala, near its bord... http://t.co/hcyNg2Vb",Thu Nov 08 06:02:39 +0000 2012
266423813309353985,TRECIS-CTIT-H-Test-007,guatemalaEarthquake2012,Guatemala rocked by 7.4 richter earthquake: http://t.co/FVxTlqQ6 via @youtube,Thu Nov 08 06:16:01 +0000 2012
266437323128971264,TRECIS-CTIT-H-Test-007,guatemalaEarthquake2012,"Powerful quake hits Guatemala, killing at least 48 http://t.co/qF7W4LO8 via @Emirates247",Thu Nov 08 07:09:42 +0000 2012
266462354743644160,TRECIS-CTIT-H-Test-007,guatemalaEarthquake2012,At least 48 killed as 7.4 mag earthquake strikes Guatemala http://t.co/svZxoRuf (via @news360app),Thu Nov 08 08:49:10 +0000 2012
266474979590303744,TRECIS-CTIT-H-Test-007,guatemalaEarthquake2012,,
266488594301071360,TRECIS-CTIT-H-Test-007,guatemalaEarthquake2012,RT @careintuk: CARE are on the ground assessing the situation after a 7.2 #earthquake hit #Guatemala,Thu Nov 08 10:33:26 +0000 2012
266498929078702081,TRECIS-CTIT-H-Test-007,guatemalaEarthquake2012,Elvin Laput wrote:  Magnitude 7.3 earthquake in Guatemala leaves 48 dead. God bless the people there. #PrayForGuatemala,Thu Nov 08 11:14:30 +0000 2012
266506143302561792,TRECIS-CTIT-H-Test-007,guatemalaEarthquake2012,RT @freeNYTimes: Dozens Killed in Guatemala Earthquake - http://t.co/A5Mtc7eE - #world,Thu Nov 08 11:43:10 +0000 2012
266509565842055168,TRECIS-CTIT-H-Test-007,guatemalaEarthquake2012,48 dead after earthquake rocks Guatemala http://t.co/hMzHrij0,Thu Nov 08 11:56:46 +0000 2012
266522320703741952,TRECIS-CTIT-H-Test-007,guatemalaEarthquake2012,"RT @WSJ: Free to read: An earthquake rocked Guatemala and southern Mexico on Wednesday, killing at least 30 people: http://t.co/bzoha1Lx",Thu Nov 08 12:47:27 +0000 2012
266533058121969664,TRECIS-CTIT-H-Test-007,guatemalaEarthquake2012,Dozens dead after quake hits Guatemala http://t.co/8sm0BqFm,Thu Nov 08 13:30:07 +0000 2012
266577916203257856,TRECIS-CTIT-H-Test-007,guatemalaEarthquake2012,President #OttoPerezMolina updates death toll in #Guatemala after #earthquake: 52 dead and 22 missing. http://t.co/P1OHVJP8,Thu Nov 08 16:28:22 +0000 2012
266591325397344256,TRECIS-CTIT-H-Test-007,guatemalaEarthquake2012,"RT @BBCWorld: Up to 10,000 homes left uninhabitable in Guatemala by earthquake which killed at least 52 people
http://t.co/5MYHjL1t",Thu Nov 08 17:21:39 +0000 2012
266594970272690176,TRECIS-CTIT-H-Test-007,guatemalaEarthquake2012,Guatemala hunt for quake missing http://t.co/FLmS3eQC #Caribbean #LatAm,Thu Nov 08 17:36:08 +0000 2012
266595133850537984,TRECIS-CTIT-H-Test-007,guatemalaEarthquake2012,Guatemala hunt for quake missing http://t.co/4y2vd3WR,Thu Nov 08 17:36:47 +0000 2012
266596954144919552,TRECIS-CTIT-H-Test-007,guatemalaEarthquake2012,There are now 50 dead after the quake in GUatemala yesterday. Help is getting to the victims even though  the task is far from done,Thu Nov 08 17:44:01 +0000 2012
266610443030761473,TRECIS-CTIT-H-Test-007,guatemalaEarthquake2012,RT @cnnbrk: Death toll from the earthquake in #Guatemala now put at 52. http://t.co/7OyQlpDA,Thu Nov 08 18:37:37 +0000 2012
266610753421860864,TRECIS-CTIT-H-Test-007,guatemalaEarthquake2012,#Earthquake happened in #Guatemala.So worried for my friend who lives there.i hope she will message me soon.,Thu Nov 08 18:38:51 +0000 2012
266617149731270656,TRECIS-CTIT-H-Test-007,guatemalaEarthquake2012,"RT @BreakingNews: Death toll in Guatemala earthquake rises to 52; many of 22 still missing presumed dead, president says - @AP http://t. ...",Thu Nov 08 19:04:16 +0000 2012
266627421590155264,TRECIS-CTIT-H-Test-007,guatemalaEarthquake2012,Guatemala quake toll rises to 52 http://t.co/BxKUfYih,Thu Nov 08 19:45:05 +0000 2012
266628197540577282,TRECIS-CTIT-H-Test-007,guatemalaEarthquake2012,"Guatemala Earthquake: Victims Huddle in Streets, At Least 52 Dead http://t.co/WFScwTXW",Thu Nov 08 19:48:10 +0000 2012
266646170112233472,TRECIS-CTIT-H-Test-007,guatemalaEarthquake2012,"RT @UnivisionNews: 52 dead in Guatemala, many more missing due to the earthquake yesterday - http://t.co/JBZleXJP (via @UniNoticias)",Thu Nov 08 20:59:35 +0000 2012
266653803741315073,TRECIS-CTIT-H-Test-007,guatemalaEarthquake2012,,
266656421016383488,TRECIS-CTIT-H-Test-007,guatemalaEarthquake2012,"RT @samadino: #Guatemala quake deaths now 52, expected to rise - Houston Chronicle http://t.co/HLgId45r",Thu Nov 08 21:40:19 +0000 2012
266664377590099969,TRECIS-CTIT-H-Test-007,guatemalaEarthquake2012,RT @Indigeneity: 7.2 Magnitude Earthquake Kills At Least 52 In Guatemala  http://t.co/nqAyTKtn,Thu Nov 08 22:11:56 +0000 2012
266664998351298560,TRECIS-CTIT-H-Test-007,guatemalaEarthquake2012,,
266666344718671872,TRECIS-CTIT-H-Test-007,guatemalaEarthquake2012,"RT @adamlevine: Guys, let's help raise funds for the @RedCross for those in need in the #Guatemala #earthquake http://t.co/6u9oY7sh",Thu Nov 08 22:19:45 +0000 2012
266677048607657985,TRECIS-CTIT-H-Test-007,guatemalaEarthquake2012,RT @frisianpride_en: Good luck to our Guatemalan followers #SanMarcos #StayStrong,Thu Nov 08 23:02:17 +0000 2012
266686489981763584,TRECIS-CTIT-H-Test-007,guatemalaEarthquake2012,Powerful Guatemala earthquake kills at least 48 people http://t.co/tI6xSbEF,Thu Nov 08 23:39:48 +0000 2012
266688369017372672,TRECIS-CTIT-H-Test-007,guatemalaEarthquake2012,"RT @adamlevine: Guys, let's help raise funds for the @RedCross for those in need in the #Guatemala #earthquake http://t.co/6u9oY7sh",Thu Nov 08 23:47:16 +0000 2012
266689295941767168,TRECIS-CTIT-H-Test-007,guatemalaEarthquake2012,"RT @adamlevine: Guys, let's help raise funds for the @RedCross for those in need in the #Guatemala #earthquake http://t.co/6u9oY7sh",Thu Nov 08 23:50:57 +0000 2012
266690390655127552,TRECIS-CTIT-H-Test-007,guatemalaEarthquake2012,"RT @kron4news: A 7.4-magnitude earthquake rocked Guatemala on Wednesday, killing at least 48 people in two states as it toppled... http: ...",Thu Nov 08 23:55:18 +0000 2012
266711441887870976,TRECIS-CTIT-H-Test-007,guatemalaEarthquake2012,RT @cjournal: 7.4 Magnitude Earthquake Shakes Guatemala: AIR http://t.co/NnQ1e7bW,Fri Nov 09 01:18:57 +0000 2012
266736314097999872,TRECIS-CTIT-H-Test-007,guatemalaEarthquake2012,RT @RuthlessMorales: Really worried. Guatemala is affected by a hard earthquake. My prayers go out to them. #GuatemaltecosAlRescate,Fri Nov 09 02:57:47 +0000 2012
266761593180782594,TRECIS-CTIT-H-Test-007,guatemalaEarthquake2012,Desperate search continues for quake survivors in Guatemala http://t.co/8vMRomwj,Fri Nov 09 04:38:14 +0000 2012
266804609954234369,TRECIS-CTIT-H-Test-007,guatemalaEarthquake2012,"RT @adamlevine: Guys, let's help raise funds for the @RedCross for those in need in the #Guatemala #earthquake http://t.co/6u9oY7sh",Fri Nov 09 07:29:10 +0000 2012
266884511441252352,TRECIS-CTIT-H-Test-007,guatemalaEarthquake2012,Earthquake wreaks havoc in Guatemala: PAGER results are generally available within 30 minutes of the earthquake's... http://t.co/EW6QZnJd,Fri Nov 09 12:46:40 +0000 2012
266918128787800064,TRECIS-CTIT-H-Test-007,guatemalaEarthquake2012,,
266933115035983872,TRECIS-CTIT-H-Test-007,guatemalaEarthquake2012,"RT @adamlevine: Guys, let's help raise funds for the @RedCross for those in need in the #Guatemala #earthquake http://t.co/6u9oY7sh",Fri Nov 09 15:59:48 +0000 2012
266945169478275072,TRECIS-CTIT-H-Test-007,guatemalaEarthquake2012,"RT @adamlevine: Guys, let's help raise funds for the @RedCross for those in need in the #Guatemala #earthquake http://t.co/6u9oY7sh",Fri Nov 09 16:47:42 +0000 2012
266952564053000192,TRECIS-CTIT-H-Test-007,guatemalaEarthquake2012,Great photos from @VisionMundialGT tell the story of #Guatemala #quake through eyes of those helping on the ground http://t.co/ChAbe52R,Fri Nov 09 17:17:05 +0000 2012
266957467173404672,TRECIS-CTIT-H-Test-007,guatemalaEarthquake2012,"""@adamlevine:Guys,let's help raise funds for the @RedCross for thosein need in the#Guatemala#earthquake http://t.co/72L2ERvj"" @NiallOfficial",Fri Nov 09 17:36:34 +0000 2012
266957924373504001,TRECIS-CTIT-H-Test-007,guatemalaEarthquake2012,"RT @EarthquakeUSGS: Earthquake : M 4.6, offshore Guatemala: November 09, 2012 14:42:44 GMT http://t.co/MQY9i38a",Fri Nov 09 17:38:23 +0000 2012
266996352565776384,TRECIS-CTIT-H-Test-007,guatemalaEarthquake2012,RT @RafaelNadal: What is happening in Guatemala has me speechless! All my support to those affected by the earthquake!,Fri Nov 09 20:11:05 +0000 2012
267021103157895168,TRECIS-CTIT-H-Test-007,guatemalaEarthquake2012,,
267068595257868288,TRECIS-CTIT-H-Test-007,guatemalaEarthquake2012,"Mourners bury family killed in Guatemala quake: SAN CRISTOBAL CUCHO, Guatemala (Reuters) - Ivan Vasquez cried as... http://t.co/IaErS9kb",Sat Nov 10 00:58:09 +0000 2012
267073880076734464,TRECIS-CTIT-H-Test-007,guatemalaEarthquake2012,"Reuters: Mourners bury family killed in Guatemala quake: SAN CRISTOBAL CUCHO, Guatemala (Reuters) - Ivan Vasquez... http://t.co/7PaNpA5V",Sat Nov 10 01:19:09 +0000 2012
267196223751069696,TRECIS-CTIT-H-Test-007,guatemalaEarthquake2012,AM 590 News US citizen among victims of Guatemala earthquake http://t.co/IJIq2pMS,Sat Nov 10 09:25:18 +0000 2012
267438822260883458,TRECIS-CTIT-H-Test-007,guatemalaEarthquake2012,"USGS #SISMO MUNDO: M 7.0, Myanmar: November 11, 2012 01:12:46 GMT http://t.co/HlkfgJpz",Sun Nov 11 01:29:18 +0000 2012
267451099018047488,TRECIS-CTIT-H-Test-007,guatemalaEarthquake2012,"RT @adamlevine: Guys, let's help raise funds for the @RedCross for those in need in the #Guatemala #earthquake http://t.co/6u9oY7sh",Sun Nov 11 02:18:05 +0000 2012
267717630264229889,TRECIS-CTIT-H-Test-007,guatemalaEarthquake2012,@BinkyTrance yeah like donate to the devastation of sandy or the earthquake in guatemala.,Sun Nov 11 19:57:11 +0000 2012
267756591141502976,TRECIS-CTIT-H-Test-007,guatemalaEarthquake2012,"RT @NewEarthquake: Revised (6.6 -&gt; 6.2): 6.2 earthquake, 24km WSW of Champerico, Guatemala. Nov 11 16:15 at epicenter (14m ago, depth ...",Sun Nov 11 22:32:00 +0000 2012
267757610361569281,TRECIS-CTIT-H-Test-007,guatemalaEarthquake2012,"RT @NewEarthquake: Revised (6.6 -&gt; 6.2): 6.2 earthquake, 24km WSW of Champerico, Guatemala. Nov 11 16:15 at epicenter (14m ago, depth ...",Sun Nov 11 22:36:03 +0000 2012
267758482764201985,TRECIS-CTIT-H-Test-007,guatemalaEarthquake2012,,
267758554054787072,TRECIS-CTIT-H-Test-007,guatemalaEarthquake2012,"RT @NewEarthquake: 6.6 earthquake, 19km S of Ocos, Guatemala. Nov 11 16:15 at epicenter (9m ago, depth 31km). http://t.co/GpbBpPBh",Sun Nov 11 22:39:48 +0000 2012
267761234231828481,TRECIS-CTIT-H-Test-007,guatemalaEarthquake2012,"""@NewEarthquake: 4.5 earthquake, 69km SSW of Ocos, Guatemala. Nov 11 16:31 at epicenter (17m ago, depth 38km). http://t.co/1OimQayK"" otro :(",Sun Nov 11 22:50:27 +0000 2012
267761519465484288,TRECIS-CTIT-H-Test-007,guatemalaEarthquake2012,"RT @NewEarthquake 4.5 earthquake, 69km SSW of Ocos, Guatemala. Nov 11 16:31 at epicenter (17m ago, depth 38km). http://t.co/SVTqRM5z",Sun Nov 11 22:51:35 +0000 2012
267761678844833792,TRECIS-CTIT-H-Test-007,guatemalaEarthquake2012,"RT @PuchikaMucha: 2do temblor 4.5 RT ""@NewEarthquake: 4.5 earthquake, 69km SSW of Ocos, Guatemala. Nov 11 16:31 at epicenter (17m ago, d ...",Sun Nov 11 22:52:13 +0000 2012
267765248193339392,TRECIS-CTIT-H-Test-007,guatemalaEarthquake2012,,
267769752854863874,TRECIS-CTIT-H-Test-007,guatemalaEarthquake2012,,
267771480924897281,TRECIS-CTIT-H-Test-007,guatemalaEarthquake2012,"PAKIS RAPE KIDS: New earthquake shakes Guatemala's Pacific coast, one injured: GUATEMALA CITY... http://t.co/57Zltga2 #edl #bnp #bfp #nf",Sun Nov 11 23:31:10 +0000 2012
267772747613077504,TRECIS-CTIT-H-Test-007,guatemalaEarthquake2012,6.5-magnitude earthquake strikes off Guatemala’s western coast: A 6.5-magnitude earthquake struck this afternoon... http://t.co/3hDcUGUJ,Sun Nov 11 23:36:12 +0000 2012
267773980717494272,TRECIS-CTIT-H-Test-007,guatemalaEarthquake2012,"RT @NewEarthquake: 5.0 earthquake, 51km SW of Champerico, Guatemala. Nov 11 17:21 at epicenter (14m ago, depth 53km). http://t.co/FpVjNNQ7",Sun Nov 11 23:41:06 +0000 2012
267780305727918080,TRECIS-CTIT-H-Test-007,guatemalaEarthquake2012,"RT @jameelah3sh: ""@NewEarthquake: 6.6 earthquake, 19km S of Ocos, Guatemala. Nov 11 16:15 at epicenter (9m ago, depth 31km). http://t.co ...",Mon Nov 12 00:06:14 +0000 2012
267783552131813376,TRECIS-CTIT-H-Test-007,guatemalaEarthquake2012,"RT @NewEarthquake: 4.9 earthquake, 49km SSW of Champerico, Guatemala. Nov 11 16:44 at epicenter (11m ago, depth 52km). http://t.co/DvbsL5sa",Mon Nov 12 00:19:08 +0000 2012
267788769837600769,TRECIS-CTIT-H-Test-007,guatemalaEarthquake2012,RT @AlenKarabegovic: Strong quake strikes off Guatemala: USGS http://t.co/NDNvM6Dv #AFPWorld #news #hot #business,Mon Nov 12 00:39:52 +0000 2012
267801721848356864,TRECIS-CTIT-H-Test-007,guatemalaEarthquake2012,RT @HWDRepublican: THR: Another earthquake hits Guatemala http://t.co/kraU2Sp1 (BBC) #tcot,Mon Nov 12 01:31:20 +0000 2012
267803659604217856,TRECIS-CTIT-H-Test-007,guatemalaEarthquake2012,,
267830654174126080,TRECIS-CTIT-H-Test-007,guatemalaEarthquake2012,"RT @NewEarthquake: 4.7 earthquake, 38km SW of Champerico, Guatemala. Nov 11 21:02 at epicenter (18m ago, depth 24km). http://t.co/NEgghYMF",Mon Nov 12 03:26:18 +0000 2012
267833766322532353,TRECIS-CTIT-H-Test-007,guatemalaEarthquake2012,"@NewEarthquake: 4.7 earthquake, 38km SW of Champerico, Guatemala. Nov 11 21:02 at epicenter (18m ago, depth 24km). http://t.co/JUkwcrpK",Mon Nov 12 03:38:40 +0000 2012
267841609691967488,TRECIS-CTIT-H-Test-007,guatemalaEarthquake2012,"#Sismo M 4.7, offshore Guatemala: November 12, 2012 03:31:17 GMT http://t.co/d9fLZf2J",Mon Nov 12 04:09:50 +0000 2012
267846944821493761,TRECIS-CTIT-H-Test-007,guatemalaEarthquake2012,,
267850912628871168,TRECIS-CTIT-H-Test-007,guatemalaEarthquake2012,"RT @NewEarthquake: 4.7 earthquake, 25km SW of Ocos, Guatemala. Nov 11 21:31 at epicenter (24m ago, depth 35km). http://t.co/spXy7KQV",Mon Nov 12 04:46:48 +0000 2012
267854955946311680,TRECIS-CTIT-H-Test-007,guatemalaEarthquake2012,RT @CCURTGO: 6.5 earthquake strikes off Guatemala's coast http://t.co/9nPRVwFg,Mon Nov 12 05:02:52 +0000 2012
267893023478788096,TRECIS-CTIT-H-Test-007,guatemalaEarthquake2012,6.5-magnitude quake rattles Guatemala's coast: A 6.5-magnitude earthquake shook Guatemala's Pacific coastline on... http://t.co/HH0GxlvO,Mon Nov 12 07:34:08 +0000 2012
268001748201922561,TRECIS-CTIT-H-Test-007,guatemalaEarthquake2012,,
268220032385941504,TRECIS-CTIT-H-Test-007,guatemalaEarthquake2012,"Aviso #Sismo con Magnitud 5.4, Off the coast en Aisen, Chile",Tue Nov 13 05:13:33 +0000 2012
268511372940292096,TRECIS-CTIT-H-Test-007,guatemalaEarthquake2012,"#Sismo M 4.7, Atacama, Chile: November 14, 2012 00:00:45 GMT http://t.co/a7IxAtfK",Wed Nov 14 00:31:14 +0000 2012
269435034165993472,TRECIS-CTIT-H-Test-007,guatemalaEarthquake2012,"#earthquake M 4.8, offshore Guatemala: November 16, 2012 13:02:01 GMT http://t.co/9vAS4Nfs",Fri Nov 16 13:41:32 +0000 2012
