Event_Name,tweet_id,Text,TimeStamp,User Info,Description
costaRicaEarthquake2012,243121539552256001,"#Earthquake M 4.8, south of Bali, Indonesia: September 04, 2012 21:19:30 GMT http://t.co/iEelaYGO",Tue Sep 04 23:01:06 +0000 2012,YK Lee,Die-hard LA Lakers fan; Twitter is my medium to communicating with NBA/Lakers fans worldwide! Also love knowing more Japanese friends!
costaRicaEarthquake2012,243198739882332161,"#earthquake: M 4.5, Taiwan region http://t.co/7FmNQZdm",Wed Sep 05 04:07:52 +0000 2012,Earthquake Alarm,"Earthquake alarms in real-time over all major Social Networks.

http://t.co/qGb8ZsO1VI"
costaRicaEarthquake2012,243203924050448384,"#earthquake M 2.6, Hawaii region, Hawaii http://t.co/S2GbQIaO",Wed Sep 05 04:28:28 +0000 2012,Earthquake Tracker,Up to date listing of global earthquakes as they happen.
costaRicaEarthquake2012,243360283526045696,"RT @NewEarthquake: 7.9 earthquake, off the coast of Costa Rica. Sep 5 8:42am at epicenter (6m ago, 83km S of Liberia, depth 46km). http: ...",Wed Sep 05 14:49:47 +0000 2012,Jorge Paredes O.,Comunicaciones y otras pequeñeces.
costaRicaEarthquake2012,243361084629721088,"RT @Reuters: More: 7.9-magnitude earthquake rattles coastline of Costa Rica, USGS says - http://t.co/9YqdEq9g",Wed Sep 05 14:52:58 +0000 2012,June Clinkenbeard,"Happily Southern. Interested in Everything. Conservative w/Libertarian leanings. Born on an AFB, married to Navy Vet."
costaRicaEarthquake2012,243361147519127553,RT @BreakingNews: Magnitude 7.9 earthquake strikes off the coast of Costa Rica - USGS,Wed Sep 05 14:53:13 +0000 2012,Anthony Outlaw Jr.,Ant Man; Rise and fire; Panthers and Steelers my teams to watch
costaRicaEarthquake2012,243361298518249473,Magnitude 7.9 earthquake strikes off the coast of Costa Rica - USGS,Wed Sep 05 14:53:49 +0000 2012,David Woodward,Telling people about God and his and love for them
costaRicaEarthquake2012,243361642447007744,RT @Reuters: Live coverage: 7.9-magnitude earthquake rattles the coast of Costa Rica; tsunami watch for Caribbean in effect - http://t.c ...,Wed Sep 05 14:55:11 +0000 2012,Egy & más...,
costaRicaEarthquake2012,243361915110297600,RT @BreakingNews: Magnitude 7.9 earthquake strikes off the coast of Costa Rica - USGS,Wed Sep 05 14:56:16 +0000 2012,Change engineer,Hendrix Bonomassa SRV
costaRicaEarthquake2012,243361965420998657,"RT @BreakingNews: Caribbean-wide tsunami watch in effect after Costa Rican quake, Pacific Tsunami Warning Center says - @Reuters",Wed Sep 05 14:56:28 +0000 2012,Marie,Owner of @OutlanderOnline & @ThinkingofRob. I have too many websites and spend too much time here. #WeatherGeek #HistoryGeek and #Habs fan.
costaRicaEarthquake2012,243361990591000576,"RT @NewEarthquake: 7.9 earthquake, off the coast of Costa Rica. Sep 5 8:42am at epicenter (6m ago, 83km S of Liberia, depth 46km). http: ...",Wed Sep 05 14:56:34 +0000 2012,Josué Agüero ,"I was born in Puntarenas Costa Rica, during my life I have learned to overcome the difficulties and be better in everything I do."
costaRicaEarthquake2012,243362053518131200,"RT @BreakingNews: Caribbean-wide tsunami watch in effect after Costa Rican quake, Pacific Tsunami Warning Center says - @Reuters #lgf #p2",Wed Sep 05 14:56:49 +0000 2012,Tarkloon,Everyone is my friend until they prove otherwise.
costaRicaEarthquake2012,243362108035719168,RT @Reuters: Live coverage: 7.9-magnitude earthquake rattles the coast of Costa Rica; tsunami watch for Caribbean in effect - http://t.c ...,Wed Sep 05 14:57:02 +0000 2012,newsbell,"Bio: WTNH, WSVN, WHDH, KYW, WCBS, WOIO, KOIN, WPXI, WTEN, WTIC"
costaRicaEarthquake2012,243362175148773377,Costa Rican shaken by magnitude-5.8 earthquake http://t.co/454IrRdA #costarica,Wed Sep 05 14:57:18 +0000 2012,Pura Deli,Best gourmet sandwiches in Costa Rica | Los mejores sándwiches gourmet en Costa Rica | Delicatessen | Facebook: http://t.co/ioPMoa3fd1
costaRicaEarthquake2012,243362183533187073,RT @BreakingNews: Magnitude 7.9 earthquake strikes off the coast of Costa Rica - USGS,Wed Sep 05 14:57:20 +0000 2012,Akif Keith,"Be inspired to create, create to inspire. https://t.co/WflMLoIPnR"
costaRicaEarthquake2012,243362233877409792,"RT @BreakingNews: Caribbean-wide tsunami watch in effect after Costa Rican quake, Pacific Tsunami Warning Center says - @Reuters",Wed Sep 05 14:57:32 +0000 2012,sneakily1™,Thoughtless people deserve the thoughtless dumb shit that happens to them
costaRicaEarthquake2012,243362300961107968,"RT @RT_com: BREAKING: 7.9 - magnitude earthquake strikes off the coast of Costa Rica, Caribbean-wide tsunami watch in effect - details t ...",Wed Sep 05 14:57:48 +0000 2012,Bae Grylls,Writer. Artist. Student. The world is yours. Queen Voldemort's hubby. Bi/pan. Affiliations: @WritersOfColour | @Sampleface | @ShipsDown | @_ImJustPlayin
costaRicaEarthquake2012,243362300973686784,RT @Reuters: Live coverage: 7.9-magnitude earthquake rattles the coast of Costa Rica; tsunami watch for Caribbean in effect - http://t.c ...,Wed Sep 05 14:57:48 +0000 2012,Erwin,"UX-designer. Front-end website developer. Blogt, gamet, sport, biost, rijdt auto, shopt, droomt, Netflixt, leert en tweet over dingen.  https://t.co/2UkuQjulQS"
costaRicaEarthquake2012,243362468758450177,RT @BreakingNews: Magnitude 7.9 earthquake strikes off the coast of Costa Rica - USGS,Wed Sep 05 14:58:28 +0000 2012,guido olimpio,"Journalist at Corriere della Sera. I follow terror,smugglers, Middle East,narcosubs,narcos,pirates. I like Arizona & border."
costaRicaEarthquake2012,243362640708108289,"RT @BreakingNews: Caribbean-wide tsunami watch in effect after Costa Rican quake, Pacific Tsunami Warning Center says - @Reuters",Wed Sep 05 14:59:09 +0000 2012,Riccardo Razalas,"WorldOps | Pantheos. Security, Entrepreneurship & Environment. @Disney, @Patriots & @ManUtd. TEXAS | NYC | Winterfell | #ROT"
costaRicaEarthquake2012,243362649100931072,RT @AlertNet: Strong earthquake hits Costa Rica http://t.co/sxICdjwl #costarica #quake,Wed Sep 05 14:59:11 +0000 2012,Ian Gonzales MD,"Physician, Air Force reservist, Red Cross volunteer. Runner, hiker, SCUBA diver. Gear nut. Wanna-be minimalist. Life is one big adventure!"
costaRicaEarthquake2012,243362783322861568,"RT @BreakingNews: Caribbean-wide tsunami watch in effect after Costa Rican quake, Pacific Tsunami Warning Center says - @Reuters",Wed Sep 05 14:59:43 +0000 2012,Christina Gomez,Make a difference. Volunteer. Change the world. Create beauty. Show kindness. Simplify. Live. Laugh. Love. Dance. It's what I do.
costaRicaEarthquake2012,243362812657811456,RT @cnnbrk: 7.9-magnitude #earthquake hits off coast of Costa Rica. http://t.co/i7KZ1uZX,Wed Sep 05 14:59:50 +0000 2012,Daniel Olave,Periodista y editor. Cine. Fotos. #ProyectoPechos
costaRicaEarthquake2012,243362997215571968,"""@RobertaCBS5: Breaking: 7.9 #earthquake off Costa Rica coast. #Tsunmai WARNING for west coasts of Central America.""",Wed Sep 05 15:00:34 +0000 2012,Frank OConnor,"Love all things Football. Especially Ireland, MLS, Man U related!"
costaRicaEarthquake2012,243363055944232960,7.9 magnitude earthquake hits Costa Rica #earthquake,Wed Sep 05 15:00:48 +0000 2012,The Republika,"A blog about Travel, Boxing, Soccer, Football, Gadgets, Movies, Music, Food, Beer and Arts"
costaRicaEarthquake2012,243363185976025089,RT @BreakingNews: Magnitude 7.9 earthquake strikes off the coast of Costa Rica - USGS,Wed Sep 05 15:01:19 +0000 2012,Lita!,"¤ SoCal, Valley, Salvie Chica/Marketing & Event Coordinator/Barça/Lakers/Dodgers/Steelers  ¤"
costaRicaEarthquake2012,243363655750656001,Oh! any damage report? RT @Nids_ShriKant: 7.9 earthquake in Costa Rica..!! Now,Wed Sep 05 15:03:11 +0000 2012,kdpgrahi,". Former Member, Editorial Board,'Technotimes'. Like to see an India free of corruption. Prefer to be a right wing Indian"
costaRicaEarthquake2012,243363672506896384,A Caribbean-wide tsunami watch is in effect after a 7.9-magnitude earthquake struck Costa Rica. #KeepSafe #GodBless,Wed Sep 05 15:03:15 +0000 2012,Sagiscor,Bisaya in Manila.
costaRicaEarthquake2012,243363680916488192,"costa rica earthquake 7,9SR",Wed Sep 05 15:03:17 +0000 2012,Andhika Satya,
costaRicaEarthquake2012,243363781554606080,RT @Reuters: CHILE'S NAVY SAYS DECLARES TSUNAMI ALERT WARNING FOR CHILEAN COAST FOLLOWING COSTA RICA QUAKE,Wed Sep 05 15:03:41 +0000 2012,Clinica Los Pinos,"Consejos de Calidad de vida y bienestar. Odontología, Kinesiología &  Estetica...Ortodoncia & Radiología.  Chicureo"
costaRicaEarthquake2012,243363907387928576,RT @CP24: BREAKING: Coast of Costa Rica hit by a 7.9 magnitude earthquake. Tsunami warning in effect. No word of any damage/injuries.,Wed Sep 05 15:04:11 +0000 2012,Sharma,I like stuff.
costaRicaEarthquake2012,243364184228757504,"RT @TWCBreaking: Mag. 7.9 #earthquake just off the coast of Costa Rica.  #Tsunami warnings for Pacific Coast of Mexico, C. America. S. A ...",Wed Sep 05 15:05:17 +0000 2012,CapeCodWeather.Net,Meteorologist forecasting the Weather on Cape Cod and Working in Emergency Management / Disaster Preparedness. MS Applied Meteorology. ICS Nerd. #TB12GOAT
costaRicaEarthquake2012,243364263891189760,"7.9 earthquake, off the coast of Costa Rica. Sep 5 8:42am at epicenter RT @NewEarthquake",Wed Sep 05 15:05:36 +0000 2012,Catatumbo 77 Cucuta,"Noticias, en tiempo real, del Area Metropolitana Binacional de #Cucuta, #Colombia. Creado y operado por el Grupo de Información Catatumbo77"
costaRicaEarthquake2012,243364364562886656,"RT @BreakingNews: Caribbean-wide tsunami watch in effect after Costa Rican quake, Pacific Tsunami Warning Center says - @Reuters",Wed Sep 05 15:06:00 +0000 2012,Greg Whitworth,"Emergency Manager for Oklahoma County, OK and former TV weatherman. Tweets here do not reflect any values or position of my employer."
costaRicaEarthquake2012,243364628791451648,RT @cnnbrk: 7.9-magnitude #earthquake hits off coast of Costa Rica. http://t.co/i7KZ1uZX,Wed Sep 05 15:07:03 +0000 2012,Yvette Low,Food lover and coffee addict
costaRicaEarthquake2012,243364754624741377,"RT @NewEarthquake: Revised (7.9 -&gt; 7.6): 7.6 earthquake, Costa Rica. Sep 5 8:42am at epicenter (24m ago, 60km SSE of Liberia, depth 4 ...",Wed Sep 05 15:07:33 +0000 2012,RedMagmaMedia,*Based on a True Story
costaRicaEarthquake2012,243365165695922176,"RT @QuakeReports: earthquake: M 7.9, off the coast of Costa Rica http://t.co/iYnWzKuL",Wed Sep 05 15:09:11 +0000 2012,Carlos Arroyo Ripert,"Engineer [Telecom], retired,61. I love astronomy, physics, math, news, future, new ideas, economy and science. I believe mankind is not alone."
costaRicaEarthquake2012,243365371187429377,"MEXICO CITY - A powerful, magnitude-7.9  earthquake shakes Costa Rica. USGS said quake struck about 50 miles from town of Liberia.",Wed Sep 05 15:10:00 +0000 2012,CBS D.C.,Sports. Lifestyle. Entertainment. News.
costaRicaEarthquake2012,243365429916082177,"RT @NewEarthquake: Revised (7.9 -&gt; 7.6): 7.6 earthquake, Costa Rica. Sep 5 8:42am at epicenter (24m ago, 60km SSE of Liberia, depth 4 ...",Wed Sep 05 15:10:14 +0000 2012,Mabel Gautreau,
costaRicaEarthquake2012,243365736121245697,"RT @fieldproducer: USGS revises Costa Rica earthquake to magnitude 7.6, details here http://t.co/3vxo2zBN",Wed Sep 05 15:11:27 +0000 2012,Tiago Dias,Deputy arts editor @ Portuguese News Agency. SOAS graduate. Tweets (PT/EN/ES/FR) about too many things. Contact: tdias at lusa.pt
costaRicaEarthquake2012,243365794812153856,"RT @NewEarthquake: 7.9 earthquake, off the coast of Costa Rica. Sep 5 8:42am at epicenter (6m ago, 83km S of Liberia, depth 46km). http: ...",Wed Sep 05 15:11:41 +0000 2012,Carolina Arroyo,"Profesora de derecho tributario, laboral y comercial. Ahora dedicada al arte .Dueña de Valparaiso3Art / valparaiso3art.spa@gmail.com"
costaRicaEarthquake2012,243365824180662272,My prayers go to the people of Costa Rica.. They just had a massive earthquake!,Wed Sep 05 15:11:48 +0000 2012,Cesar Marrero,"College Baseball Player, and Proud Puerto Rican! Walk Like A Champion, Talk like a Champion!  #NACnation"
costaRicaEarthquake2012,243366214238347264,RT @nbcnightlynews: Just in: USGS reports 7.9 magnitude earthquake off the coast of Costa Rica. Tsunami watch issued for the Caribbean.,Wed Sep 05 15:13:21 +0000 2012,Big Poppa,"Husband, father, Man of Omega, die hard #4For4 Philly sports fan."
costaRicaEarthquake2012,243366218436866049,RT @cnnbrk: 7.9-magnitude #earthquake hits off coast of Costa Rica. http://t.co/i7KZ1uZX,Wed Sep 05 15:13:22 +0000 2012,POPS,
costaRicaEarthquake2012,243366331687256065,Powerful earthquake reported in Costa Rica: http://t.co/6ZoS6sxc,Wed Sep 05 15:13:49 +0000 2012,KSLA News 12,"Coverage You Can Count On for the ArkLaTex
Official page for KSLA News 12 (CBS, Raycom)
News tip? Call (318) 677-6713 or email us at ksla@ksla.com"
costaRicaEarthquake2012,243366579167965184,RT @BreakingNews: Chile's navy declares tsunami alert warning for country's coastline following Costa Rica quake - @Reuters; USGS revise ...,Wed Sep 05 15:14:48 +0000 2012,陳 炳 銓,#amateur #complicated #Batam #Kepri #Indonesia
costaRicaEarthquake2012,243366721786900483,RT @cnnbrk: 7.9-magnitude #earthquake hits off coast of Costa Rica. http://t.co/i7KZ1uZX,Wed Sep 05 15:15:22 +0000 2012,Carmen,"ZERO tolerance towards corruption,nepotism,racism,discrimination,I love Africa but I hate its dictators and long term presidents,generals...dangerous clowns"
costaRicaEarthquake2012,243366767903264768,RT @BreakingNews: Chile's navy declares tsunami alert warning for country's coastline following Costa Rica quake - @Reuters; USGS revise ...,Wed Sep 05 15:15:33 +0000 2012,Dilitas Ltd.,"A global security & risk management company supporting legal, oil & gas, financial, corporate & private sector clients. The can do, go to risk mitigation team."
costaRicaEarthquake2012,243367116034670592,"RT @NewEarthquake: Revised (7.9 -&gt; 7.6): 7.6 earthquake, Costa Rica. Sep 5 8:42am at epicenter (24m ago, 60km SSE of Liberia, depth 4 ...",Wed Sep 05 15:16:56 +0000 2012,Jonathan,
costaRicaEarthquake2012,243367120228974594,"@irasuwindro RT @YahooNews: BREAKING: Magnitude 7.9 earthquake strikes off the coast of Costa Rica, tsunami watch ... http://t.co/QXqN9Xo2",Wed Sep 05 15:16:57 +0000 2012,olivia misnan,
costaRicaEarthquake2012,243367229297676289,"RT @RT_com: BREAKING: 7.9 - magnitude earthquake strikes off the coast of Costa Rica, Caribbean-wide tsunami watch in effect - details t ...",Wed Sep 05 15:17:23 +0000 2012,Cody,Living the best i can
costaRicaEarthquake2012,243367606764056576,RT @cnnbrk: USGS: Magnitude of quake off Costa Rica reduced from 7.9 to 7.6. http://t.co/nVvZPUSG,Wed Sep 05 15:18:53 +0000 2012,Anna MT Santos-Ober,continously working on balancing family/work life while trying to keep my sanity! #livelovegive
costaRicaEarthquake2012,243367720022855680,Costa Rica Earthquake 2012: 7.9 Magnitude Quake Hits Costa Rica http://t.co/dtHKXF2v #jcagain,Wed Sep 05 15:19:20 +0000 2012,JCagain,"JCagain, A for profit charity! Socialising people networking and making a difference in a way that is directly affecting underprivileged people around the world"
costaRicaEarthquake2012,243367816496029696,Damn a 7.6 earthquake hit #CostaRica ... Poor Costa Rica :(,Wed Sep 05 15:19:43 +0000 2012,Ambición,
costaRicaEarthquake2012,243368005214552064,RT @cnnbrk: USGS: Magnitude of quake off Costa Rica reduced from 7.9 to 7.6. http://t.co/nVvZPUSG,Wed Sep 05 15:20:28 +0000 2012,Riccardo Razalas,"WorldOps | Pantheos. Security, Entrepreneurship & Environment. @Disney, @Patriots & @ManUtd. TEXAS | NYC | Winterfell | #ROT"
costaRicaEarthquake2012,243368231706963969,7.6-magnitude quake hits on Costa Rican coast http://t.co/WmdiDVXx #cnn,Wed Sep 05 15:21:22 +0000 2012,Anne Connelly,CEO @ixo_foundation | Faculty at @singularityu | Blockchain | Humanitarian
costaRicaEarthquake2012,243368294621532160,"RT @weathernetwork: Reports now of damaged houses and a collapsed church tower in Nicoya, Costa Rica, near the quake epicentre. #tsunami ...",Wed Sep 05 15:21:37 +0000 2012,Ruvini Godakandae,"#JobDeveloper #Networker | Love exploring & all things community | @Career_Options Writer | Passions: Career Development, Volunteering, Arts & Culture"
costaRicaEarthquake2012,243368676298993666,Earthquake of 7.6 hits Costa Rica... Tsunami warning!,Wed Sep 05 15:23:08 +0000 2012,AlexandraAlencasterW,Mexican living in Madrid
costaRicaEarthquake2012,243368693072023552,Tsunami alert as 7.6 quake strikes off Costa Rica: A tsunami alert is issued for Central America after a 7.6-mag... http://t.co/NyfZ4eSU,Wed Sep 05 15:23:12 +0000 2012,jasonmiggs,tech freak.love food!!
costaRicaEarthquake2012,243368793773068289,For my friends in Hawaii.. just in case.. 7.9 mag. Quake off of Costa Rica prompted this...http://t.co/YOXlVpn4 - http://t.co/YOXlVpn4,Wed Sep 05 15:23:36 +0000 2012,Andy Petrone,"Fountain Hills, Az. guy in NC. Marrying @Kuebler1007 turkey day '17. Severe wx chaser. Skywarn storm spotter."
costaRicaEarthquake2012,243368961511677953,Tsunami alert as 7.6 quake strikes off Costa Rica: A tsunami alert is issued for Central America after a 7.6-mag... http://t.co/i98cKt0n,Wed Sep 05 15:24:16 +0000 2012,Teka Sape,"Have you Been disappointed?, Continuously in love?, Love hindered by family?, Or actually was not mate."
costaRicaEarthquake2012,243369246757904385,"RT @Radio_Riquelme: @Reuters
Pacific Tsunami Warning Center keeps warning for Pacific coastal region following Costa Rica earthquake htt ...",Wed Sep 05 15:25:24 +0000 2012,Optimistic,"Actriz y Profesora de Artes Escénicas. Proyecto de Gestión Cultural. David Bowie es mi copiloto y Schiro mi compañero, le fui infiel al vodka y no me perdonó."
costaRicaEarthquake2012,243369351581925377,Strong earthquake hits Costa Rica http://t.co/G6t1GwTW,Wed Sep 05 15:25:49 +0000 2012,mark,this is some tips about how to lose weight i will do my best trying help you life healthy life | fad diets | gain weight | fat loss | abs | burn fat abdominal
costaRicaEarthquake2012,243369645195792384,CNN news Tsunami alert as 7.6 quake strikes off Costa Rica: A tsunami alert is issued for Central America after ... http://t.co/2HehvYYZ,Wed Sep 05 15:26:59 +0000 2012,Ali Super,
costaRicaEarthquake2012,243369833931104256,RT @CBSNews: Magnitude 7.6 quake hits Costa Rica. LATEST DETAILS (including active tsunami warnings): http://t.co/FuS54wrA,Wed Sep 05 15:27:44 +0000 2012,Being_LadyIrie,"Real Estate Development, interior designing & decorating, author, teacher, Research Consultant. Love skiing, tennis, cooking and travelling."
costaRicaEarthquake2012,243370001707458561,Yahoo/Space- Magnitude 7.9 quake strikes northwestern Costa Rica: WASHINGTON (Reuters) - A 7.9 magnit... http://t.co/o60LTx4g - travel -,Wed Sep 05 15:28:24 +0000 2012,Kristina~,
costaRicaEarthquake2012,243370110771945472,"7.9 quake off Pacific coast of Costa Rica: USGS 
 http://t.co/dFBziPuJ #International",Wed Sep 05 15:28:50 +0000 2012,Tip News,"Quick information, objective and complete – to whom the world political and socioeconomic situation is very important."
costaRicaEarthquake2012,243370358244274176,"Strong 7.9 quake hits Costa Rica, tsunami warning issued - Yahoo! News http://t.co/IgSLlNPo via @YahooNews",Wed Sep 05 15:29:49 +0000 2012,Carla,~ Full Time Top-rated eBay Seller ~
costaRicaEarthquake2012,243370475663806464,"Strong 7.9 quake hits Costa Rica, tsunami warning issued. http://t.co/5paIoWUj",Wed Sep 05 15:30:17 +0000 2012,Richard Rosenstein,"#California #Lawyer @ http://t.co/IVsUiNO1UE handles personal #injury #accident claims, #insurance litigation & business matters from Los Angeles, California."
costaRicaEarthquake2012,243370685391597568,7.9-magnitude quake hits off Costa Rica: An earthquake with a preliminary magnitude of 7.9 struck off the coast ... http://t.co/4vALj5az,Wed Sep 05 15:31:07 +0000 2012,Alyssa Florant,Follow me! Pretty girl from Toronto ON
costaRicaEarthquake2012,243371046093324288,"RT @NewEarthquake: 7.9 earthquake, off the coast of Costa Rica. Sep 5 8:42am at epicenter (6m ago, 83km S of Liberia, depth 46km). http: ...",Wed Sep 05 15:32:33 +0000 2012,Cole K,Finnish Canadian. Passionate about nature and always wanting to do my part
costaRicaEarthquake2012,243371213882261505,"7.9 Earthquake in Costa Rica - we were just there-just heard from our friends, they r ok, but so scary!! prayers that it will stay that way!",Wed Sep 05 15:33:13 +0000 2012,The Mrs. B,"Photographer, Figure Skater, Wife, Stepmom/Grandma, Normal 8 to 5 Job, Love to Cook & bake, 3 Champagne, married to a Cowboy, from Germany, Multi Lingual :-)"
costaRicaEarthquake2012,243371243221426176,"RT @abc7newsBayArea: #BREAKING: 7.9 earthquake hits off the coast of Costa Rica, tsunami watch in effect.",Wed Sep 05 15:33:20 +0000 2012,rosamaria,
costaRicaEarthquake2012,243371620700401665,"RT @abcnews: Tsunami warning after quake strikes Costa Ricahttp://t.co/HVOzoRQW",Wed Sep 05 15:34:50 +0000 2012,Richard Dowling,"Head of RTE's Political Unit, previously news editor, prog editor and North East Corr. Views are mine - RTs are just interesting. Big fan & author on #FOI"
costaRicaEarthquake2012,243371809460854784,Magnitude-7.6 earthquake shakes Costa Rica http://t.co/Y8pp9Q4b,Wed Sep 05 15:35:35 +0000 2012,NOLA.com,Latest news and updates from http://t.co/bEcwlBYNEf | Times-Picayune
costaRicaEarthquake2012,243371989832695808,"RT @Reuters: Chile Interior Minister Hinzpeter says not yet issuing evacuation order for country's coastline following Costa Rica quake, ...",Wed Sep 05 15:36:18 +0000 2012,Nika B,"Scientist, artist, maker."
costaRicaEarthquake2012,243372002382057472,"RT @CNNweather: #Tsunami Warnings remain in effect for Costa Rica, Panama, and Nicaragua after the now 7.6M quake: http://t.co/4jg0FjYJ",Wed Sep 05 15:36:21 +0000 2012,Chris P Pickel,"Forward thinking technologist, defeating insipid thinking for yrs.   #Vet 4 Vet Pls reuse anything useful...  #OurRevolution #CTL #atheist #humanist #tpot"
costaRicaEarthquake2012,243372056903815168,RT @LisaDCNN: QUAKE UPDATE: CNN reporting that all Tsunami warnings have been reduced for the Costa Rica quake.,Wed Sep 05 15:36:34 +0000 2012,Oliver Willis,Senior Writer @Shareblue. Previously @mmfa. These are my opinions. I dispense pep talks + tongue lashings. https://t.co/q7JMFdCl9l
costaRicaEarthquake2012,243372182737154048,"RT @CNNweather: #Tsunami Warnings remain in effect for Costa Rica, Panama, and Nicaragua after the now 7.6M quake: http://t.co/4jg0FjYJ",Wed Sep 05 15:37:04 +0000 2012,soledad gordon,
costaRicaEarthquake2012,243372316963254273,[ #COSTARICA #TSUNAMI ADVISORY ]: NO TSUNAMI WAVES REPORTED YET--BE ON ALERT! PRECAUTIONARY EVACUATION RECOMMENDED! #Earthquake #PTWC,Wed Sep 05 15:37:36 +0000 2012,Mike Montealegre,Welcome to the Official Twitter Profile of @mike_online! -- Alive since: i8088 / Computing since: i80286 / Online since: 28.8kbps -- #I'mNOAngel! ^__^
costaRicaEarthquake2012,243372363088003072,"BREAKING NEWS...

A powerful 7.6-magnitude earthquake rocked Costa Rica, rattling buildings and cutting power in... http://t.co/7bpHsLIw",Wed Sep 05 15:37:47 +0000 2012,Schizophrenic Ent,"For services and Bookings 

Contact 

Dwight 756-9458, 351-0416

Email- schizophrenicentertainment@gmail.com"
costaRicaEarthquake2012,243372774167552000,Powerful Earthquake Reported in Costa Rica - ABC News http://t.co/W6UmjhiY (via @ABC),Wed Sep 05 15:39:25 +0000 2012,GIE Dental Lab,"With over 20 years of implant experience, Glendale Implant and Esthetics focuses on solving challenging implant cases with the best cosmetic results."
costaRicaEarthquake2012,243373340386025473,RT @nbcnightlynews: Just in: USGS reports 7.9 magnitude earthquake off the coast of Costa Rica. Tsunami watch issued for the Caribbean.,Wed Sep 05 15:41:40 +0000 2012,Steve Peters,I make things people do. No Mimes Media
costaRicaEarthquake2012,243373348787208193,Costa Rica: Earthquake hits at 7.9 magnitude:  http://t.co/3i2HJ0e6,Wed Sep 05 15:41:42 +0000 2012,popaysmarco,Saling Berbagi Informasi
costaRicaEarthquake2012,243373562663161856,"RT @Disarm: USGS: Major earthquake hits #CostaRica, tsunami warning issued. http://t.co/fF1uny0U @nbcnews #LatinAmerica",Wed Sep 05 15:42:33 +0000 2012,Raydiant Labyrinth,"mother, artist, writefiend"
costaRicaEarthquake2012,243374590288592896,@TheNextCorner you missed our earthquake 7.6 in Costa Rica,Wed Sep 05 15:46:38 +0000 2012,Scott Polk,CEO and Founder of Marketing Nomads ~ SEO & Internet Marketing ~ see me at: http://t.co/ry4ejj54vQ & http://t.co/YzdKMlhULn
costaRicaEarthquake2012,243375215244095488,RT @CNN: 7.6-magnitude quake hits on Costa Rican coast. http://t.co/iRzYxUA0,Wed Sep 05 15:49:07 +0000 2012,Justin Cropper,"I'm a blues lover !!! especially, Otis Rush !He is  Awesome. ツイログ→https://t.co/UYZ9hEoJQd"
costaRicaEarthquake2012,243375475278348289,RT @CNN: 7.6-magnitude quake hits on Costa Rican coast. http://t.co/iRzYxUA0,Wed Sep 05 15:50:09 +0000 2012,Drew,"i like horses, geology...paleo...home...ocean and river..."
costaRicaEarthquake2012,243375504625905664,RT @ninaism: Caribbean tsunami alert issued after powerful 7.9-magnitude quake rocks Costa Rica.,Wed Sep 05 15:50:16 +0000 2012,nina dei,"With every encounter, every experience my routine, how I c n define life as well as myself adapts. So take from that what u will and there in lies my bio x"
costaRicaEarthquake2012,243375546594119680,RT @georgekourounis: Reports that quake has triggered landslides inland in Costa Rica,Wed Sep 05 15:50:26 +0000 2012,Cecelia Morgan,"Formerly Naked Political blogger, Vitamin Cee CEO, current fitness club manager.  Come work out with me!!  https://t.co/NXcE9DiohB"
costaRicaEarthquake2012,243375571747360768,RT @RDLKid: @springrose12 @HDNER Tsunami warning in Caribbean cancelled following Costa Rican earthquake; was meant for Pacific Ocean,Wed Sep 05 15:50:32 +0000 2012,Tuba,"EAL teacher/ teacher coach, London and Istanbul. English, Turkish, and some German! Inhale and exhale! You are alive..Make a difference today!"
costaRicaEarthquake2012,243375852753141760,"RT @moanikitv: No tsunami threat to Hawaii after mag 7.6 earthquake rocks 
Costa Rica",Wed Sep 05 15:51:39 +0000 2012,Twipple,"UH-Hilo Grad, Baseball Tm (NAIA WS), U.S. Army, Infantry (ROTC DMG), interest many but nowadays rarely explored, appreciates simple things & interesting people"
costaRicaEarthquake2012,243375861137539073,Earthquake here in #costarica #temblorcr,Wed Sep 05 15:51:41 +0000 2012,Ana Marcela Herrera,"Crafter 
Candlemaker"
costaRicaEarthquake2012,243376070861144064,#CostaRica Is Costa Rica OK? I'm worried about CostaRica....,Wed Sep 05 15:52:31 +0000 2012,Study_English_Now,"Japanese man/university student last year
I can't use English 
However do my best 
What am I going to do in my future? 
I have no plan....that sucks...."
costaRicaEarthquake2012,243376377057902592,RT @RobDavis_Wx: LANDSLIDE!... road blocked in Costa Rica after M7.6 earthquake http://t.co/e5c2AUas (courtesy: @skasoul) #temblorcr,Wed Sep 05 15:53:44 +0000 2012,Jason R. Hunter,"Science & technology geek with interests in meteorology, space, weather photography, and whatever..."
costaRicaEarthquake2012,243376779690123264,"Powerful earthquake reported in Costa Rica: NOSARA, Costa Rica (AP) — A powerful, magnitude-7.... http://t.co/fueoYIDe (via AP Newsfeed)",Wed Sep 05 15:55:20 +0000 2012,Transitions,"Trans Family OK provides support and resources for transgendered, families and friends."
costaRicaEarthquake2012,243376792289828864,"Powerful earthquake reported in Costa Rica: NOSARA, Costa Rica (AP) — A powerful, magnitude-7.... http://t.co/odMEBADD (via AP Politics)",Wed Sep 05 15:55:23 +0000 2012,Included,Women working Together for Human Rights. Our Vision is a World where all are valued and included.
costaRicaEarthquake2012,243377224290562048,RT @AustralianBuzz: 7.6 #Quake off coast of Costa Rica 83km Sth of Liberia - Tsunami watch issued  http://t.co/8ojLIy2i  #theBuzz,Wed Sep 05 15:57:06 +0000 2012,Arthur Dungas Cuz,checking out the goss in Western Australia and Perth so I can be clevera than me mates.
costaRicaEarthquake2012,243377597612969984,RT @Michelle9647: RT @BreakingNews: Red Cross in Costa Rica says no casualties reported so far after quake - @Reuters ll @JALpalyul,Wed Sep 05 15:58:35 +0000 2012,Greytdog,"You may write me down in history. With your bitter, twisted lies, You may trod me in the very dirt. But still, like dust, I'll rise. ~ Maya Angelou"
costaRicaEarthquake2012,243377601790480384,RT @Reuters: Red Cross in Costa Rica says no casualties reported so far after 7.6-magnitude earthquake http://t.co/IroAyLyv,Wed Sep 05 15:58:36 +0000 2012,JEAN ELIE PORCHETTE,Freethinker
costaRicaEarthquake2012,243377631142215680,"Major earthquake hits Costa Rica, tsunami warning issued http://t.co/kZ20IzD0",Wed Sep 05 15:58:43 +0000 2012,NEWS,"#Breaking news #news update #new news #good news.
admin = @faqih_FEP"
costaRicaEarthquake2012,243377807307190272,"@AffiliateDesire Poor Quality Footage of Costa Rican Earthquake - Sept 5th 2012
http://t.co/fqZodBMJ",Wed Sep 05 15:59:25 +0000 2012,WeTravelTight ⓥ,"We Travel Tight-We Travel Light. Travelers, Adventure seekers, giving it to you a REAL look at two twenty somethings exploring the world. FOLLOW US FOR UPDATES!"
costaRicaEarthquake2012,243377815716786176,RT @Reuters: Live coverage: 7.9-magnitude earthquake rattles the coast of Costa Rica; tsunami watch for Caribbean in effect - http://t.c ...,Wed Sep 05 15:59:27 +0000 2012,F. Xavier Blanco,"Soy, sencillamente, una mente curiosa."
costaRicaEarthquake2012,243377979273666560,"RT @TravelGov: #EmergencyMessage via @USGS: #tsunami warning for #ElSalvador, #Panama, #Nicaragua, #Mexico, #CostaRica, &amp; others. ht ...",Wed Sep 05 16:00:06 +0000 2012,Omar,Life in the clouds. | Nimbo Productions  https://t.co/rkKsfeTHad
costaRicaEarthquake2012,243378377719955456,"Costa Rica quake downgraded to 7.6, no immediate reports of casualties. Tsunami warning lifted for Caribbean, still in place for Pacific.",Wed Sep 05 16:01:41 +0000 2012,World Safaris,"Wildlife news, safaris and the latest developments in wildlife travel from across the globe."
costaRicaEarthquake2012,243378751025590273,"RT @TravelGov: #EmergencyMessage via @USGS: #tsunami warning for #ElSalvador, #Panama, #Nicaragua, #Mexico, #CostaRica, &amp; others. ht ...",Wed Sep 05 16:03:10 +0000 2012,Miki Terry,SS17khz/Vib/BeamSpeakers - FleshBurnWeapons&Sue/MateMurderEat from 50yrDeafDwarfRetardPsycho Criminals in offroad duplex between Stanton/Teresa WaxhawNC
costaRicaEarthquake2012,243378847502962688,"RT @AP: Costa Rica official: ""There's chaos in San Jose because it was a strong earthquake of long duration"": http://t.co/XM78Yz5P
 -MM",Wed Sep 05 16:03:33 +0000 2012,Alicia A. Caldwell,Covering immigration for The Wall Street Journal. Former @AP'er. Proud Arizona Wildcat. #BearDown Alicia.Caldwell@wsj.com
costaRicaEarthquake2012,243379346616770560,#WorldNews #News Quake rocks Costa Rican coast: Some damage has been reported after a strong earthquake struck o... http://t.co/qi7aZ6mk,Wed Sep 05 16:05:32 +0000 2012,UNWorldNews,I live inside the UN Building in NY
costaRicaEarthquake2012,243379438908219392,http://t.co/c9TCmf1F Strong earthquake hits Costa Rica: A powerful earthquake of 7.6 magnitude rocks north-west C... http://t.co/9lsjq70l,Wed Sep 05 16:05:54 +0000 2012,KhashayaR,"I am a life form evolved to live off movies, comics, video games, junk food and snark. Sadly, I will never be a Ghostbuster when I grow up."
costaRicaEarthquake2012,243379824775819264,@razaespn reporting that there has been damage reported to the Estadio Nacional in Costa Rica following earthquake.,Wed Sep 05 16:07:26 +0000 2012,Juan G. Arango,You can follow me now at @JuanG_Arango as this acct will close soon.
costaRicaEarthquake2012,243380223213711360,"Powerful Quake Hits Costa Rica, Tsunami Warning Issued http://t.co/0o4UuN0t",Wed Sep 05 16:09:01 +0000 2012,PC360 Extended,"Extended PropertyCasualty360 news, webcasts and more."
costaRicaEarthquake2012,243381145994133504,RT @AlertNet: No casualties reported after Costa Rica quake so far-Red Cross http://t.co/JwixjWBI #redcross #quake #costarica,Wed Sep 05 16:12:41 +0000 2012,Georgina Newman,"Aid worker type. Heart of a Kiwi, liver of a Brit, teeth of an American. Views own, or nicked from someone smarter"
costaRicaEarthquake2012,243381598978981888,There was a earthquake magnitude of 7.6 that hit costa rica this morning -- only 2 hours from our honeymoon spot!,Wed Sep 05 16:14:29 +0000 2012,Alex,"development/alum relations higher ed professional, newlywed, TU grad student, Creighton alum,traveler, Texas born."
costaRicaEarthquake2012,243381871591972865,RT @NBCNews: BREAKING: Major quake hits near Costa Rica coast; Caribbean-wide tsunami watch issued http://t.co/i4mBTrzG,Wed Sep 05 16:15:34 +0000 2012,Carlos Euscate,"Mis grandes pasiones en tweets: Música, Barça, Cine, Juegos y Deportes"
costaRicaEarthquake2012,243382043554234370,7.6-magnitude quake hits off Costa Rica http://t.co/u8DiLvBG @amarchugg #news,Wed Sep 05 16:16:15 +0000 2012,Techallo,Technology News & Updates.
costaRicaEarthquake2012,243382324589367296,That earthquake in Costa Rica has sustained tens of hundreds of dollars worth of damage.  Very sad.,Wed Sep 05 16:17:22 +0000 2012,RevTonyHatesYou,"Sometimes I get drunk and pick on people.  I call those times, Twitter."
costaRicaEarthquake2012,243383138254999552,"A powerful, magnitude-7.6 earthquake on Costa Rica and a wide swath of Central America on Wednesday, collapsing some houses.",Wed Sep 05 16:20:36 +0000 2012,I s a u r a,Interested in Moral Cognition. Political science. Ethology & scientific topics in general.
costaRicaEarthquake2012,243383633216409600,(usa today) Magnitude 7.6 quake strikes Costa Rica: A powerful magnitude-7.6 earthquake struck in Costa Rica tod... http://t.co/arJ2dp3x,Wed Sep 05 16:22:34 +0000 2012,steven mandzik,"im a selection of the best weather rss feeds, created by @robotchampion"
costaRicaEarthquake2012,243383729668640768,"Costa Rica struck by 7.9 mag quake about 38 miles from town of Liberia, centered about 25 miles below the surface. No fatalities reported.",Wed Sep 05 16:22:57 +0000 2012,Catherine Q.,"Astrophysicist, science communicator, over-thinker. One of @HuffPostscience Top 30 Physicists to follow. Autoimmune illness girl. Kiwi in US. Dogs rule."
costaRicaEarthquake2012,243383784194580480,"Earthquake Strikes Off Costa Rica Coast: A tsunami warning has been issued after a powerful earthquake, measurin... http://t.co/HgyxRGCP",Wed Sep 05 16:23:10 +0000 2012,Stream Central Forum,The official forum feed for http://t.co/IXjRZIxg30
costaRicaEarthquake2012,243384031645925376,RT @HuffingtonPost: Tsunami warning issued after Costa Rica quake http://t.co/c9fM5iGF,Wed Sep 05 16:24:09 +0000 2012,KP,
costaRicaEarthquake2012,243384174285844480,RT @USGS: Magnitude 7.6 quake strikes west coast of Costa Rica: http://t.co/uRzQz9oh Tsunami info here: http://t.co/5FyzyrGC,Wed Sep 05 16:24:43 +0000 2012,Yodi,"Deus, fortitudo mea fata vincere."
costaRicaEarthquake2012,243384916677652480,RT @cnnbrk: 7.9-magnitude #earthquake hits off coast of Costa Rica. http://t.co/i7KZ1uZX,Wed Sep 05 16:27:40 +0000 2012,Pedro Mateo,"Jesus believer. A man with 4 P's. Papi Proud husband. Proud father. Proud stepfather. Computer guy, Love my friends. Love technology :)"
costaRicaEarthquake2012,243385008943923200,Powerful magnitude-7.6 earthquake reported in Costa Rica http://t.co/5wnQNFw7,Wed Sep 05 16:28:02 +0000 2012,The Province,"Online companion to Vancouver's daily tabloid, The Province. The web team manages our Twitter account."
costaRicaEarthquake2012,243386724422672385,"LoL..WTH was that earthquake.. God that was very scary, take care of all of us in Costa Rica..!",Wed Sep 05 16:34:51 +0000 2012,Greivin Carvajal,"Singer, dancer and actor.
English Teaching UCR-SO"
costaRicaEarthquake2012,243387449999515651,RT @RT_com: First VIDEO: 7.6 magnitude quake strikes off the coast of Costa Rica http://t.co/pkSZQESr,Wed Sep 05 16:37:44 +0000 2012,C.Nadaa,"I ♥ football 
I ♥ Whatsapp
I ♥ Zamalek ,Real Madrid
I ♥ Mounir , Diab
I ♥ Cairokee /Westlabad /3aida l ayoubi /zap thrwat
:) ♥ ♥
You Can Follow Me :)"
costaRicaEarthquake2012,243388049797574657,RT @Independent: Tsunami warning issued as powerful 7.6 quake hits Costa Rica http://t.co/PyeTR5b8,Wed Sep 05 16:40:07 +0000 2012,CafeAJM,"Daily specials: personal finance, economics, contrarian, value, innovation. foodie. news. Le Petit Prince. Fatfinger RTs."
costaRicaEarthquake2012,243388116906426368,28-mile deep earthquake strikes: An earthquake with a magnitude of 7.6 struck off the coast of Costa Rica Wednes... http://t.co/QUEEUkYS,Wed Sep 05 16:40:23 +0000 2012,Nicole Thomas,I think men who have a pierced ear are better prepared for marriage. They’ve experienced pain and bought jewelry.
costaRicaEarthquake2012,243389396185931776,Pray that all are safe ... RT @BreakingNews: Magnitude 7.9 earthquake strikes off the coast of Costa Rica - USGS,Wed Sep 05 16:45:28 +0000 2012,linda riley,"Mommy of two, happy to be alive, opinions on everything. :)))"
costaRicaEarthquake2012,243389425537654785,RT @Reuters: Costa Rica 7.6-magnitude earthquake largest quake to hit the country since 1991 http://t.co/bDiSXERD,Wed Sep 05 16:45:35 +0000 2012,Andrew Lain Jr,"New Orleans born and raised. Katrina and Harvey evacuee.  Love sports, specially my sports teams in Louisiana."
costaRicaEarthquake2012,243389861741068288,7.6-magnitude #Earthquake hits #CostaRican coast http://t.co/3PBwSz4y #cnn,Wed Sep 05 16:47:19 +0000 2012,B+W Engineering,B+W Engineering and Design is a Civil Engineering and Structural Engineering firm located in the Los Angeles area.
costaRicaEarthquake2012,243390360884232192,RT @BreakingNews: Costa Rica president says no report of loss of life so far after quake - @Reuters; more updates on http://t.co/BGETbzo ...,Wed Sep 05 16:49:18 +0000 2012,☠ BitCh455k155 ☠,hazy daze
costaRicaEarthquake2012,243390792889163776,"Earthquake Hits Off Costa Rica, Tsunami Warnings Issued http://t.co/UNj9Z75K",Wed Sep 05 16:51:01 +0000 2012,TWN WorldNews,World News from http://t.co/r1fOz74UWR
costaRicaEarthquake2012,243391937929945088,"◦ Kyodo: M7.6 quake jolts Costa Rica, regional tsunami warning issued http://t.co/bALQNQ0l #japan",Wed Sep 05 16:55:34 +0000 2012,daiichi crisis,news on #tohuku quake/tsunami &  #fukushima #daiichi crisis; asahi/minyu/mainichi/nhk/sankei/yomiuri titles are auto-translated by google.
costaRicaEarthquake2012,243393980551811072,"Powerful quake hits Costa Rica, tsunami warning issued - Yahoo! News http://t.co/nQscFMTU via @YahooNews",Wed Sep 05 17:03:41 +0000 2012,Cool Gadget Store,We have a website of Health and Beauty and Gadgets and Games.
costaRicaEarthquake2012,243394387386703872,"RT @WilliamTeach: Which Warmist will be the first to blame the Costa Rica earthquake on ""climate change""// Dumbass, see GEOLOGY..",Wed Sep 05 17:05:18 +0000 2012,El Jay,"Chocolate covered, freaky and habit forming. Full of snark, sarcasm, pithy obscure references and venom."
costaRicaEarthquake2012,243394697765199872,RT @cnnbrk: 7.9-magnitude #earthquake hits off coast of Costa Rica. http://t.co/i7KZ1uZX,Wed Sep 05 17:06:32 +0000 2012,Donna Sevilla,"Photographer, videographer, journalist, writer, foodie and dancer."
costaRicaEarthquake2012,243396081877143552,RT @BreakingNews: Costa Rica president says no report of loss of life so far after quake - @Reuters; more updates on http://t.co/BGETbzo ...,Wed Sep 05 17:12:02 +0000 2012,David Scott Anderson,"#FreeMason, #PhiBetaSigma, #CallCenterVisionary, #Writer, #Speaker, #CorporateTrainer"
costaRicaEarthquake2012,243396241285861376,7.6-magnitude quake hits Costa Rican coast:  http://t.co/nzoIPEe7,Wed Sep 05 17:12:40 +0000 2012,Panama TV,Panama TV
costaRicaEarthquake2012,243396392268201984,"RT @NewEarthquake: Revised (7.9 -&gt; 7.6): 7.6 earthquake, Costa Rica. Sep 5 8:42am at epicenter (24m ago, 60km SSE of Liberia, depth 4 ...",Wed Sep 05 17:13:16 +0000 2012,Maxene Medina,"Twitter: @rinoaheartilly2
Line/Kakao: rinoaheartilly2 https://t.co/IEihoTPonA"
costaRicaEarthquake2012,243397562474844160,RT @TimJohnson4: Costa Rican prez: Damage but no deaths from quake; aircraft surveying affected region,Wed Sep 05 17:17:55 +0000 2012,KarlaZabs,"Mexico Bureau Chief and Latin America Correspondent at BuzzFeed News, karla.z@buzzfeed.com"
costaRicaEarthquake2012,243397809968140288,Powerful Earthquake Reported in Costa Rica http://t.co/kYreOVVw,Wed Sep 05 17:18:54 +0000 2012,Victor Manuel Figuer,
costaRicaEarthquake2012,243397910606274560,CHICABRAVA stoked in style :) waiting out the Tsunami warning after the huge earthquake in Costa Rica! Hope... http://t.co/fYuOgSmR,Wed Sep 05 17:19:18 +0000 2012,CHICABRAVA SURF,Empowering Women One Wave at a Time.
costaRicaEarthquake2012,243398938219139072,RT @TIME: Tsunami warning issued after Costa Rica earthquake | http://t.co/NairyArP,Wed Sep 05 17:23:23 +0000 2012,Lucky Sihombing,S.I.M.P.L.E
costaRicaEarthquake2012,243401194737901569,"RT @cnnbrk: Tsunami warning for Costa Rica, Nicaragua, Panama canceled after 7.6 quake. http://t.co/i7KZ1uZX",Wed Sep 05 17:32:21 +0000 2012,Ad'DiCtEd H'aDi™,"Yesterday is History, Tomorrow is a Mistery but Today is a Gift... #Assalamualaikum #ヨロシク #안녕 I.G//snapchat : hadikgb"
costaRicaEarthquake2012,243401379312459776,URGENT: Magnitude 7.6 quake strikes Costa Rica http://t.co/3EC6L3wM,Wed Sep 05 17:33:05 +0000 2012,R,
costaRicaEarthquake2012,243404004917379073,"Powerful quake hits Costa Rica, tsunami warning issued – Reuters http://t.co/JwTblOtO",Wed Sep 05 17:43:31 +0000 2012,T-Boogie,"Heard me on the radio 93.7 WBLK | #Jazz legend Jelly Roll Morton is my blood uncle | I Breath #Music #Marketing #GrammysInMyFamily | 
IG: TBoogie937"
costaRicaEarthquake2012,243405867192561664,@dustinbrowning @SamuRojas @antikCR praying you and yours are well in Costa Rica w the earthquake.,Wed Sep 05 17:50:55 +0000 2012,richmedina,"DJ, Producer, Poet"
costaRicaEarthquake2012,243407440081739777,Strong earthquake hits Costa Rica #newslocker http://t.co/k3CiuTKR,Wed Sep 05 17:57:10 +0000 2012,Adel Koutet,"Welkom bij Maroc Connected. De plek om je vrienden te vinden, nieuwe contacten op te doen en op de hoogte te blijven van wat er speelt"
costaRicaEarthquake2012,243407784014643201,Tsunami warning caused by Costa Rica quake now canceled http://t.co/ee16Q4z8,Wed Sep 05 17:58:32 +0000 2012,Kennedy Tetteh,...moving on from here...
costaRicaEarthquake2012,243408136311029760,Can't believe a 7.6 earthquake hit costa rica :( so happy my family is okay but praying for those who were not as fortunate,Wed Sep 05 17:59:56 +0000 2012,Sam Barredo,
costaRicaEarthquake2012,243409243628257280,DICE: Reuters: Red Cross says two people dead from Costa Rica earthquake; one fatality the resu... http://t.co/02a3OoUX #cuba #abajoRaul,Wed Sep 05 18:04:20 +0000 2012,M ENTERADOS,Noticias del mundo para Cuba
costaRicaEarthquake2012,243409293934723072,"Update: Red Cross says 2 dead in Costa Rica earthquake, one of them from heart attack. (@AlertNet)",Wed Sep 05 18:04:32 +0000 2012,Michael Rusch,Global News Curation Director for @BuzzFeed and @BuzzFeedNews — @TIME's 140 Best Twitter Feeds of 2013 — 'Connoisseur' of the edge — weeddude@buzzfeed.com
costaRicaEarthquake2012,243410216681619456,RT @CPPGeophysics: Nice visualization of seismic waves from Costa Rica quake propagating through USArray: (via @EarthScopeInfo ) http:// ...,Wed Sep 05 18:08:12 +0000 2012,Jason R. Hunter,"Science & technology geek with interests in meteorology, space, weather photography, and whatever..."
costaRicaEarthquake2012,243410728390897665,RT @cnnbrk: 7.9-magnitude #earthquake hits off coast of Costa Rica. http://t.co/i7KZ1uZX,Wed Sep 05 18:10:14 +0000 2012,Nikki,"Richmond, Va"
costaRicaEarthquake2012,243411898605907968,RT @DarinRMcClure: Red Cross in Costa Rica says no casualties reported so far after the massive 7.9 magnitude earthquake.,Wed Sep 05 18:14:53 +0000 2012,CaptD,"Ideologist, Nuclear Safety Educator who helped get San Onofre nuclear reactor decommissioned, Communication Researcher, Tech Reformist"
costaRicaEarthquake2012,243413102383755264,"Praying for Costa Rica. @YourAnonNews: #YAN #BREAKING: Major earthquake hits Costa Rica, tsunami warning issued | http://t.co/GKGYrsLT",Wed Sep 05 18:19:40 +0000 2012,C. Robert Gibson,"Nichiren Buddhist, journalist, drummer. Publisher @Grit_Post. Bylines in @guardian, @ajam, @washingtonpost, @NPR. #NamMyohoRengeKyo over everything"
costaRicaEarthquake2012,243413475681001473,Bad quake in Costa Rica. Know any Pac NWers affected? Pls contact NW NPR @tombanse,Wed Sep 05 18:21:09 +0000 2012,Liz Banse,"Liz Banse, Resource Media communications strategist with a love for the visual. I tweet visual stories + communications tips + journalism trends. Views my own."
costaRicaEarthquake2012,243417254748893184,"#worldnews Powerful quake hits Costa Rica, two dead - Reuters: http://t.co/n1r84z2j.auPowerful q... http://t.co/kZjsFTDY @WideRangeMarket",Wed Sep 05 18:36:10 +0000 2012,Vanadium Site,
costaRicaEarthquake2012,243419578393321472,"Powerful quake hits Costa Rica, two dead - Yahoo! News http://t.co/oKAri8Tq via @YahooNews",Wed Sep 05 18:45:24 +0000 2012,Jessica,"Pondering self, psychology, mental health, sexuality, politics, sports, spirituality, death, dogs, love, art, and laughter - in no particular order."
costaRicaEarthquake2012,243419783897436161,UPDATE: Tsunami Warnings Canceled After Quake In Costa Rica : The Two-Way : NPR http://t.co/IVlHkIFm,Wed Sep 05 18:46:13 +0000 2012,Afaa,"Poet, playwright, translator...a poetic realized in the ordinary and driven by a faith in transcendence... https://t.co/Z8clwEzPgb"
costaRicaEarthquake2012,243425169387970560,"Earth Quake In Costa Rica!
I Hope Matias Is Doing Good :c Gonna Try Calling His Momma Later",Wed Sep 05 19:07:37 +0000 2012,Maggieeee,A Walking Piece of Art
costaRicaEarthquake2012,243425253286637568,Praying fo Angie Thompson Messerschmidt and Claryssa-Faye Skie Thompson in Costa Rica's 7.9 Earthquake this... http://t.co/gwzRqTYE,Wed Sep 05 19:07:57 +0000 2012,jaimechristineperez,"Brand Consultant
Internet Marketing, Web Design and Development, Social Media Manager VP of Marketing @royalbeautyline CEO of @webpagehub Author @zodiac13signs"
costaRicaEarthquake2012,243426079547723776,Did you hear? Costa Rica rocked by 7.6 earthquake: A 7.6 magnitude earthquake shook Costa Rica at 14:42:10 ... http://t.co/kErgzOEC #eTN,Wed Sep 05 19:11:14 +0000 2012,eTurboNews (eTN),"Global Travel and Tourism news and updates, trends. Global voice for travelers and tourism professionals. (https://t.co/YZkoxM9xIx)"
costaRicaEarthquake2012,243426675155685377,"Powerful quake hits Costa Rica, two dead - Reuters India: IBNLive.comPowerful quake hits Costa Rica, two deadReu... http://t.co/fdR7rYY2",Wed Sep 05 19:13:36 +0000 2012,Fine Jewelry Store,"Web Master
http://t.co/SuE4pfE0e9"
costaRicaEarthquake2012,243427237188210688,"Two dead, 20 injured as major earthquake  at magnitude 7.6 damages Costa Rica coast, Red Cross says.",Wed Sep 05 19:15:50 +0000 2012,Airo Maki-Sun,World History and the Future: I am in Mesoamerica known as Kukulcán or Quetzalcoatl the messenger.
costaRicaEarthquake2012,243430772973907969,Costa Rica Earthquake Update:  so far we have heard from the Piedras and homestay families in San Isidro de Heredia and everyone is fine.,Wed Sep 05 19:29:53 +0000 2012,Common Ground Int'l,Impacting communities through language! Specializing in Spanish/English classes for specific purposes & Costa Rica immersion programs.
costaRicaEarthquake2012,243433738351022080,RT @RandyDorfman: Hope all WCOOP players in Costa Rica are safe after massive earthquake,Wed Sep 05 19:41:40 +0000 2012,Marz Blackmon,Living Life To The Fullest With No Regrets!!!
costaRicaEarthquake2012,243435076325609474,7.6-magnitude quake hits Costa Rican coast - CNN: USA TODAY7.6-magnitude quake hits Costa Rican coastCNN(CNN) --... http://t.co/h76G8HKq,Wed Sep 05 19:46:59 +0000 2012,DiGiART101,"Photography, Music, Art  - Machines and objects with a meaning, a purpose. We love to share these things with you."
costaRicaEarthquake2012,243436699517071360,Magnitude 7.6 quake shakes Costa Rica - ABC Online: ABC NewsMagnitude 7.6 quake shakes Costa RicaABC OnlineA pow... http://t.co/WHyfdam5,Wed Sep 05 19:53:26 +0000 2012,Jas,"Sport, internet, friends"
costaRicaEarthquake2012,243437060227223552,Our hearts and prayers are with our family in Costa Rica impacted by a 7.6 Earthquake today. Covering all of Central America with prayers!,Wed Sep 05 19:54:52 +0000 2012,Alberto Delgado,"Apóstol de la Iglesia Alpha & Omega en Miami, Fl.   http://t.co/qIvccnFflw"
costaRicaEarthquake2012,243443297190821888,#TheAngieShow [BREAKING NEWS] Earthquake with 7.6 Mag hits Costa Rica: The Associated Press has reported that ar... http://t.co/5uNpnKeL,Wed Sep 05 20:19:39 +0000 2012,The Angie Review,"The Official Team of The Angie Martinez Show
on Hot97"
costaRicaEarthquake2012,243444878439231488,Fox News reports a 7.9 earthquake struck Costa Rica.,Wed Sep 05 20:25:56 +0000 2012,TheDose1776,
costaRicaEarthquake2012,243445671158489089,"Powerful 7.6 magnitude quake hits Costa Rica, two dead: SAN JOSE, Costa Rica (Reuters) - A powerful earthquake r... http://t.co/I9VkFGdB",Wed Sep 05 20:29:05 +0000 2012,Pindah ke @givarun,"Pindah ke akun @givarun , sumpah."
costaRicaEarthquake2012,243455976546656256,"RT @Reuters: Powerful quake hits Costa Rica, two dead http://t.co/bDiSXERD",Wed Sep 05 21:10:02 +0000 2012,Lynnae Williams,"Former Intelligence Officer @CIA & @DefenseIntel, Educator, Writer, Georgetown University & Spelman College grad. Observing & commenting on the world around me."
costaRicaEarthquake2012,243467544449662976,RT @Federation: Costa Rica Red Cross ready for action after #earthquake - http://t.co/u0V8rrQG,Wed Sep 05 21:56:00 +0000 2012,Rojo Rubi Perlado,
costaRicaEarthquake2012,243478848094756864,We experienced a 7.6 #earthquake in a town about 20km south of my place here in Guanacaste. No serious injuries here in #Nosara.,Wed Sep 05 22:40:55 +0000 2012,Giordano Ciampini,#YYZ photographic jacknife. Tweets are not representative of clients or employers. RTs aren't always endorsements.
costaRicaEarthquake2012,243491720426307584,"Strong Costa Rica quake causes panic, minor damage - The Associated Press: IBNLive.comStrong Costa Rica quake ca... http://t.co/HQdC4IBk",Wed Sep 05 23:32:04 +0000 2012,ariel ethan,
costaRicaEarthquake2012,243496669692432384,"Costa Rica earthquake, Living Social, Andy Roddick, ...: Costa Rica earthquake
  Living Social
  Andy Roddick
  M...",Wed Sep 05 23:51:44 +0000 2012,DomainBatch.com,Find Premium Deleted and Expiring Domain Names For Free!
costaRicaEarthquake2012,243505574208237568,"http://t.co/4igC5NpM In earthquake-ready Costa Rica, quake size rattles (+video)",Thu Sep 06 00:27:07 +0000 2012,Breaking News,"Live News, Breaking News, Top Headlines"
costaRicaEarthquake2012,243506920592392192,@onedirection In Costa Rica there was a 7.9 earthquake =/,Thu Sep 06 00:32:28 +0000 2012,Daniela Calvo,"""Ser joven y no ser revolucionario, es una contradicción hasta biológica""- Salvador Allende. Comunicación Colectiva UCR."
costaRicaEarthquake2012,243520291995791360,"http://t.co/bzZ1s8Of Costa Rica Earthquake, Living Social, Andy Roddick, ...: Costa Rica Eart...  This is Google Trend",Thu Sep 06 01:25:36 +0000 2012,lmgtfy,
costaRicaEarthquake2012,243529741800468481,"http://t.co/PI0h78RM An Hour After The Earthquake A Woman Died, For A Heat Attack, A Man Who Fallen Didn't Die, Said Costa Rican President",Thu Sep 06 02:03:09 +0000 2012,Condos Costa Rica,"San Jose Costa Rica Vacation Rentals, Jaco Car Rentals, Travel Hotel Room & Suites Near Airport, Condo For Sale, Homes, Hotel Room & Villas Costa Rica Weather."
costaRicaEarthquake2012,243532572930498560,"Strong Costa Rica quake causes panic, minor damage https://t.co/Ef5TdX9M",Thu Sep 06 02:14:24 +0000 2012,World News (rsshog),"Get up to the minutes news, international stories, global topics, audio and video from around the world on http://t.co/BiIGaghuBv"
costaRicaEarthquake2012,243536058388733953,"Powerful quake hits Costa Rica, no deaths http://t.co/rw5Brly8",Thu Sep 06 02:28:15 +0000 2012,99percentnews,Just 99 % News
costaRicaEarthquake2012,243556706976686080,"EarthquakeCalifornia Earthquake in Costa Rica will not delay World Cup qualifier, says Mexican ... -... http://t.co/uv45lA0q #earthquake",Thu Sep 06 03:50:18 +0000 2012,Anna Smith,
costaRicaEarthquake2012,243563099095973888,"Buildings sway, residents rush into streets, but strong Costa Rica quake does little damage http://t.co/m3TI2LMz",Thu Sep 06 04:15:42 +0000 2012,Desan,Alanis Morissette : There's such a thing as paralysis by analysis and I think I reached that point.
costaRicaEarthquake2012,243585987387719680,RT @Geologyupdate: Powerful earthquake reported in Costa Rica - The Seattle Times http://t.co/C77uRB7g,Thu Sep 06 05:46:39 +0000 2012,carolinaholding,
costaRicaEarthquake2012,243626894459797504,Three killed in Costa Rica 7.6-magnitude quake - Xinhua: The NationThree killed in Costa Rica 7.6-magnitude quak... http://t.co/2QKsXs8w,Thu Sep 06 08:29:12 +0000 2012,Worlds Amazing Info,"world amazing things, world amazing news, world amazing most expensive things, amazing images, amazing cars, tallest buildings, amazing animals, amazing hotels"
costaRicaEarthquake2012,243627842355744768,"Earthquake Costa Rica - Costa Rica, an example for earthquake resistant construction !  - http://t.co/n4y6x1yj",Thu Sep 06 08:32:58 +0000 2012,SOS Earthquakes,QuakeSOS & http://t.co/8SSzwJzybn are tools of Earthquake followers trying to inform and to help people living and visiting earthquake sensitive areas.
costaRicaEarthquake2012,243638646878650370,"RT @NewEarthquake: 4.5 earthquake, Costa Rica. Sep 5 4:11pm at epicenter (15m ago, 71km S of Liberia, depth 35km). http://t.co/gjTxM14O",Thu Sep 06 09:15:54 +0000 2012,lau*!,
costaRicaEarthquake2012,243652869776089089,"Earthquake rattles Costa Rica, Central America: Cangrejal, Costa Rica — A powerful, magnitude-7.6 earthquake sho... http://t.co/syQpSkg0",Thu Sep 06 10:12:25 +0000 2012,Anna Perkins,
costaRicaEarthquake2012,243661325476167682,Costa Rica Rocked by Magnitude-7.6 Earthquake http://t.co/9Q0w3CD7,Thu Sep 06 10:46:01 +0000 2012,Henry Hodge Jr,Born and raised in Savannah. BS level college.  8 years US Army and NG.  Work shipping and receiving for Stainless Steel fabricator.
costaRicaEarthquake2012,243679361000153088,"#earthquake: M 1.0, Southern California http://t.co/Ms4Sj0eR",Thu Sep 06 11:57:41 +0000 2012,Earthquake Alarm,"Earthquake alarms in real-time over all major Social Networks.

http://t.co/qGb8ZsO1VI"
costaRicaEarthquake2012,243682452202217473,News: Costa Rica escapes serious damage from big quake: The bulletins were terrifying: a po... http://t.co/Dlj3rlpE http://t.co/1Dhcy6ki,Thu Sep 06 12:09:58 +0000 2012,Costa Rica VIP,"Costa Rica VIP - Car Rental in Costa Rica, Hotel Reservation Costa Rica, Travel Books, Exclusive tours, Costa Rica Cruises, Flights & much more"
costaRicaEarthquake2012,243683131692036096,Costa Rica escapes serious damage from big quake http://t.co/SpG6MDUe,Thu Sep 06 12:12:40 +0000 2012,John Muriango,#Evangelical #Christian #Reformed #CalviDispy #Baptist #Conservative #ProLife #TeamJesus #tcot #Cessationist #Blogger #Marketer #Capitalist #Arsenal
costaRicaEarthquake2012,243687825084653570,Quake rocks Costa Rica http://t.co/nkD5tU8v,Thu Sep 06 12:31:19 +0000 2012,Berkley Bear,"Bringing the news that is important, that as quick as a dog can bring it."
costaRicaEarthquake2012,243709228634759169,"Costa Rica: Costa Rica Red Cross Ready for Action after Earthquake: 
      Source: 
    
          Irish Red Cro... http://t.co/8i9vCIV6",Thu Sep 06 13:56:22 +0000 2012,Ken Cam,
costaRicaEarthquake2012,243746071401078784,Costa Rica escapes serious damage after huge quake: It appeared Thursday that Costa Rica escaped relatively unsc... http://t.co/dFTSbh5e,Thu Sep 06 16:22:46 +0000 2012,Anna Perkins,
costaRicaEarthquake2012,243851088397234176,Terror in Online casino Capital of Costa Rica as More Earthquake Videos Surface (Video) - Terror in Costa Rica... http://t.co/btm5k37V,Thu Sep 06 23:20:04 +0000 2012,OnlineCasino,#onlinecasino 200% Bonus | 50% Cash Back on 1st deposit & 20% Cash Back on all future deposits if you Go Bust Play Sports #slots & #LiveCasino with same bonus.
costaRicaEarthquake2012,243875360817700864,"#Earthquake M 1.8, Island of Hawaii, Hawaii http://t.co/f28j4Ykf",Fri Sep 07 00:56:31 +0000 2012,Earth Quake Report,Independent syndicated #Earthquake #quake #Information from several public available resources like #USG yet we are not related with them Opening 15. April 2012
costaRicaEarthquake2012,243922446086991872,World Environment News - 7.6 magnitude quake hits Costa Rica - Planet Ark http://t.co/uptiMQMP,Fri Sep 07 04:03:37 +0000 2012,Animal Neotropical,"non profit organization for investigation, documentation and protection of animal-life and nature of neotropical zone"
costaRicaEarthquake2012,243967958454521856,Another #earthquake...at least i was already awake this time!,Fri Sep 07 07:04:28 +0000 2012,Aash,"Ex-Actuary, Cast Member and Lifetime Badger."
costaRicaEarthquake2012,243968575038173184,Dang it #earthquake! I was trying to go to sleep early!,Fri Sep 07 07:06:55 +0000 2012,Tasukigirl Cosplay,"Gamer, cosplayer and crazy cat lady all in one. Ubisoft Star Player alumni and manager for @UCLAEsports. I wear a lot of hats!"
costaRicaEarthquake2012,243968616993808385,"3.5 #quake in Beverly Hills, stronger than the one last week. http://t.co/CftE5nrt",Fri Sep 07 07:07:05 +0000 2012,Anti Glib,"Sit-down comic that tweets a lot about sports: Baseball (Mets & Angels), Hockey (Islanders & Ducks), Football (Northwestern & NY Jets), pop culture & politics."
costaRicaEarthquake2012,243968738607656960,RT @zomanno: EARTHQUAKEEE!! #earthquake,Fri Sep 07 07:07:34 +0000 2012,John Vindel,Life from my perpective doesn't involve logic. I'm a #survivor.
costaRicaEarthquake2012,243969426469310464,I don't think it's a coincidence that while watching my first episode of #HoneyBooBoo there's an #earthquake.,Fri Sep 07 07:10:18 +0000 2012,Fiona Gubelmann,"Actress; Jenna from @fxxnetwork #Wilfred, Heather from @vh1 @DaytimeDivas, Lori from @netflix @onedayatatime, and more"
costaRicaEarthquake2012,243969631977611265,"#9021uh-0: Beverly Hills #earthquake gives a good shake to the #westside, eastern #SFV. http://t.co/G1Ga1v0T via @lanow",Fri Sep 07 07:11:07 +0000 2012,Andrew Blankstein,@NBCInvestigates reporter based in L.A. focusing on #police #courts #homelandsecurity stories across the Western U.S. andrew.blankstein@nbcuni.com
costaRicaEarthquake2012,243969803973455872,RT @TheLAScene: It looks like the #BeverlyHills #Earthquake was upgraded to a 3.5. http://t.co/UThFGsv1,Fri Sep 07 07:11:48 +0000 2012,Jaxx Dynamite,"Current Rapper/Songwriter. #MTRNetwork Podcaster. Ravens Fan. Former Twitter User. Electrical Engineer from Baltimore, MD now living in LA"
costaRicaEarthquake2012,243970668000067585,"@ArianaGrande Hi I´m from Costa Rica, 2 days ago was an earthquake in my country...Magnitude 7.6!! :(",Fri Sep 07 07:15:14 +0000 2012,SebasVictorianCR,I play guitar !! I listen metal and pop! I LOVE @VictoriaJustice and @AvrilLavigne!! I watch anime.
costaRicaEarthquake2012,243970995164176386,this #earthquake woke me up again.. seriously.. I don't like this.,Fri Sep 07 07:16:32 +0000 2012,Stacy Francis,Singer/Actress | Finalist -X Factor USA | CELEBRITY BIG BROTHER UK 2017 Enquiries: info@amconceptsuk.com. www.instagram/@iamstacyfrancis
costaRicaEarthquake2012,243972182135431168,Tell u what...that #Earthquake only lasted bout 2 seconds &amp; @Bobak9 had a faster reaction that #UsainBolt! Never seen a man move SO fast Lol,Fri Sep 07 07:21:15 +0000 2012,Jade Johnson,Creatively Logical. Mummy. 2 x Olympian. Commonwealth & European Silver Medallist. Speaker. TV. Radio. @teensunite & @gllsf Ambassador.
costaRicaEarthquake2012,243972773528084480,#DNC2012. Was so earth shattering it caused an #earthquake on the other side of the country!! I hope everyone is safe,Fri Sep 07 07:23:36 +0000 2012,Marvelously Millie,"I have wings, so I live in the land of unicorns, with my fellow WildThings. My story isn't over yet;  #Happiness #HERE"
costaRicaEarthquake2012,243979417314009088,"RT @LAFD: #LAquake ""#Earthquake Emergency Mode"" discontinued. No significant damage, injury or loss of life. LAFD in normal… http://t.co ...",Fri Sep 07 07:50:00 +0000 2012,Paul Hennessy,"music is life, that's why our hearts have beats!"
costaRicaEarthquake2012,244024363458895872,Costa Rica escapes serious damage from big quake http://t.co/q6uTSLEa,Fri Sep 07 10:48:36 +0000 2012,Marcus Moore,
costaRicaEarthquake2012,244085394776391680,"RT @AlertNet: Quakes in southwest #China kill dozens, damage 20,000 homes http://t.co/0j1oq79l #earthquake",Fri Sep 07 14:51:07 +0000 2012,Casa Canadiense,We have retired this account. Please follow us at @CasaPueblito to keep in touch!
costaRicaEarthquake2012,244127337828986880,Powerful Earthquake Shakes Costa Rica escapes serious damage from big quake rattles Central America Buildings sway r... http://t.co/abFcLHdd,Fri Sep 07 17:37:47 +0000 2012,Bill Johnson,
costaRicaEarthquake2012,244243939484385280,"Did you guys know two days ago, ok maybe 3, Costa Rica had an earthquake?! No? Yea...figured. :/ #uselessinfo",Sat Sep 08 01:21:07 +0000 2012,Mom,Follow your heart
costaRicaEarthquake2012,244410054885920768,The Watchers - Massive Costa Rican earthquake awakens Nicaraguan Apoyeque volcano http://t.co/pbc2QzSB,Sat Sep 08 12:21:12 +0000 2012,Robert Schuttevaar,Dutch guy watching the mad world
costaRicaEarthquake2012,244420150596603904,"#earthquake: At 12:35 PM UTC, in Minahasa there was a #seismic activity: M4.7, depth 35.70km",Sat Sep 08 13:01:19 +0000 2012,HEWS Web,A global multi-hazard watch service to support preparedness. Provided by the UN IASC SWG on Preparedness. Developed and maintained by the World Food Programme.
costaRicaEarthquake2012,244452702589943808,Stay up to date with the latest #earthquake info at @USGS http://t.co/htMGUaTO #costarica,Sat Sep 08 15:10:40 +0000 2012,Playa Hermosa Assoc.,Cultivate an organization to improve & sustain the community of P. Hermosa. Cultivar una organización para mejorar y mantener la comunidad de P. Hermosa.
costaRicaEarthquake2012,244541017854976000,BECOME ASEXUAL NOW: Magnitude 5.6 quake hits Costa Rica: (Reuters) - A magnitude 5.6 earthqu... http://t.co/5jWMTB3H #asexual #sexuality,Sat Sep 08 21:01:36 +0000 2012,ASEXUAL_EVOLUTION,"Lower even than a beast of the field is a man, or woman, whose entire existence revolves around the genitals of another. Evolve! #asexual #asexuality."
costaRicaEarthquake2012,244541726663000064,Felt it here in the South. Costa RICA had an earthquake maybe it was tremor RT @TrafficSA: #offtraffic East Rand shaking #earthquake ?,Sat Sep 08 21:04:25 +0000 2012,Richard,"#SouthAfrica Spontaneous,go-getter,thrill seeker, passionate about technology, film, marketing, social media,entrepreneur thinking out of the box. hi how u"
costaRicaEarthquake2012,244542703960989696,Otro temblor en Costa Rica 5.6 earthquake! Sat Sep 08 16:29:32 AMT 2012 near Costa Rica http://t.co/Uz6jkKAK,Sat Sep 08 21:08:18 +0000 2012,CydMarie Cintron,"Pres. P.Porta Coeli,Inc. Pres.2gen Prod.Heriberto Cintron (relaciones publicas,produccion de eventos y publicidad) área suroeste,  2 gen Locutora"
costaRicaEarthquake2012,244544142607261697,"Interesting: BreakingNews: Magnitude 5.6 earthquake hits near Hojancha, Costa Rica - USGS http:... http://t.co/s6ImriCx Please RT",Sat Sep 08 21:14:01 +0000 2012,Richard Field,"I'm an Internet Marketer in various niches, Entrepreneur, Author. I enjoy success because..."
costaRicaEarthquake2012,244556608070373377,"EARTHQUAKE REPORTS • EARTHQUAKE - ENE OF HOJANCHA, COSTA RICA: M5.6 - 11km ENE of Hojancha, Costa Rica 2012-09-08... http://t.co/9jAktmuM",Sat Sep 08 22:03:33 +0000 2012,Pete,"Christian Forum For Fellowship, Support, Prayer And Fun -Includes a facility for Confidential Prayer Request for all -  No need to be a forum member"
costaRicaEarthquake2012,244571497836974080,I liked a @YouTube video http://t.co/wB8UA2Z6 Costa Rica Magnitude 5.6 earthquake hits near Hojancha,Sat Sep 08 23:02:43 +0000 2012,Isaak Rosenthal,
costaRicaEarthquake2012,245138609697611776,RT @nswia_weather: Did you feel the #Earthquake? East of Woy Woy It happen at 16:23:51 (AEST) see... http://t.co/cLzTknxd,Mon Sep 10 12:36:13 +0000 2012,Kristen Ross,"Firefighter, tomboy, motorcyclist/adventurer, traveller. Love my family and my partner to the moon and back."
costaRicaEarthquake2012,245294130270466048,"#earthquake: (GMT) M 4.5, Andaman Islands, India Region http://t.co/C6JKfJXA",Mon Sep 10 22:54:12 +0000 2012,Earthquake Alarm,"Earthquake alarms in real-time over all major Social Networks.

http://t.co/qGb8ZsO1VI"
costaRicaEarthquake2012,245689833522098177,"7.6 Costa Rican earthquake did not relieve fault pressure: expect another one equal or greater, scientists warn http://t.co/J1NWY0k9",Wed Sep 12 01:06:35 +0000 2012,TheAntiType,"55+ non #MSM newsfeeds, plus anything else #Liberty/RonPaul over at @azureblade7v2 Global News for the people, by the people. http://t.co/Ew4mBBC3AE"
costaRicaEarthquake2012,245717721415831552,"RT @NewEarthquake: 4.6 earthquake, 5km NNE of Nicoya, Costa Rica. Sep 11 20:13 at epicenter (21m ago, depth 37km). http://t.co/Alm4XujD",Wed Sep 12 02:57:24 +0000 2012,✪ThEeRaPhAt.P™,
costaRicaEarthquake2012,245718686105759744,"earthquake: M 4.6, Costa Rica http://t.co/ayvLKO1m",Wed Sep 12 03:01:14 +0000 2012,Earthquake Info,@QuakeReports will tell you when a 2.5+RS earthquake hits.
costaRicaEarthquake2012,245775888027877377,"#earthquake M 4.8, off the coast of Costa Rica: September 12, 2012 06:29:35 GMT http://t.co/wjvHAqPp",Wed Sep 12 06:48:32 +0000 2012,Natural Hazards,Near real-time information and updates about natural hazards. Note: An average of 100+ tweets a day.
costaRicaEarthquake2012,245776676586389504,"RT @quakemonitor: #earthquake M 4.8, off the coast of Costa Rica Depth: 35.00 km Sep 12 7:29:35 2012 BST http://t.co/Pxl8FygJ",Wed Sep 12 06:51:40 +0000 2012,Vulcano9,"Jarocho,Bombero voluntario entre otras cosas,admirador de Veracruz y de don Domingo Bureau Vazquez"
costaRicaEarthquake2012,245779742605860864,"RT @NewEarthquake: 4.8 earthquake, 42km SW of Paquera, Costa Rica. Sep 12 00:29 at epicenter (15m ago, depth 35km). http://t.co/5SGdP2WQ",Wed Sep 12 07:03:51 +0000 2012,InGodWeTrust,Poker - 100%@fcbarcelona
costaRicaEarthquake2012,245851830112907264,Sott - Costa Rican Officials: A Strong Earthquake Could Still Occur in Guanacaste http://t.co/Y6s3nUc9,Wed Sep 12 11:50:18 +0000 2012,Mario Gregorio,"Born in 1956, Lazy writer specialised on Nostradamus's prophecies; crazy collector of old books about renaissance's prophecies; love financial forecasts..."
costaRicaEarthquake2012,246060396052635649,"RT @fondalo: After Earthquake hits Costa Rica, #socialmedia Exchange Site Reaffirms ... - http://t.co/qS7Lbewf",Thu Sep 13 01:39:04 +0000 2012,Bill McCann,"Influencer / Corporate Communications / PR / Reputation Management / Healthcare Leadership / Social Media 
/ Stuyvesant & NYU grad (personal brand acct)"
costaRicaEarthquake2012,246508091867295744,"#terremoto M 5.1, southern Mid-Atlantic Ridge  #earthquake",Fri Sep 14 07:18:03 +0000 2012,Larissa Azzolin,
costaRicaEarthquake2012,246604854460563456,Dispatch: The Costa Rica Earthquake Felt In Nicaragua -   http://t.co/TbGbFRO3,Fri Sep 14 13:42:33 +0000 2012,Ginger Marceau,mo
costaRicaEarthquake2012,247215201198436352,"RT @NewEarthquake: 5.2 earthquake, 8km W of Nicoya, Costa Rica. Sep 15 23:51 at epicenter (15m ago, depth 24km). http://t.co/6upB8mvs",Sun Sep 16 06:07:51 +0000 2012,Jocelyne Muñoz,"Romántico/violenta, Comunicador Audiovisual, hippie/metal, olvidadisa nivel YisusCraist, garabatera, carismática y TWITERA FOME!"
costaRicaEarthquake2012,247293697593597952,"Earthquake - Magnitude 5.1 - COSTA RICA - 2012 September 16, 05:51:09 UTC: http://t.co/RGcBeXKG",Sun Sep 16 11:19:46 +0000 2012,robert dunn,"A Relationship with Christ Jesus, has NOTHING to do with religion! Jesus says; Come unto ME all you who are heavy laden and I Will Give You Rest.  Matthew 11:28"
costaRicaEarthquake2012,248156667257180160,"RT @NewEarthquake: 4.5 earthquake, 10km SSW of Samara, Costa Rica. Sep 18 13:10 at epicenter (57m ago, depth 44km). http://t.co/AgxrnbHB",Tue Sep 18 20:28:54 +0000 2012,Gabriela Blanco,Costa Rica. 19. UCR-Biosistemas.
