event_id	event_name	tweet_id
TRECIS-CTIT-H-Test-010	albertaFloods2013	351734622884855808
TRECIS-CTIT-H-Test-010	albertaFloods2013	351741648327294977
TRECIS-CTIT-H-Test-010	albertaFloods2013	351776825967513600
TRECIS-CTIT-H-Test-010	albertaFloods2013	352043285876977664
TRECIS-CTIT-H-Test-010	albertaFloods2013	352054501466849280
TRECIS-CTIT-H-Test-010	albertaFloods2013	352132125450973185
TRECIS-CTIT-H-Test-010	albertaFloods2013	352142128878592003
TRECIS-CTIT-H-Test-010	albertaFloods2013	352170146829307904
TRECIS-CTIT-H-Test-010	albertaFloods2013	352193337106763776
TRECIS-CTIT-H-Test-010	albertaFloods2013	352212060492402688
TRECIS-CTIT-H-Test-010	albertaFloods2013	352299717251694592
TRECIS-CTIT-H-Test-010	albertaFloods2013	352393543832190977
TRECIS-CTIT-H-Test-010	albertaFloods2013	352488871973486592
TRECIS-CTIT-H-Test-010	albertaFloods2013	352513983267352577
TRECIS-CTIT-H-Test-010	albertaFloods2013	352520278926041088
TRECIS-CTIT-H-Test-010	albertaFloods2013	352542206734778369
TRECIS-CTIT-H-Test-010	albertaFloods2013	352600079741362177
TRECIS-CTIT-H-Test-010	albertaFloods2013	352603552633470978
TRECIS-CTIT-H-Test-010	albertaFloods2013	352612109022015489
TRECIS-CTIT-H-Test-010	albertaFloods2013	352612683616493568
TRECIS-CTIT-H-Test-010	albertaFloods2013	352762298634473472
TRECIS-CTIT-H-Test-010	albertaFloods2013	352796817777369092
TRECIS-CTIT-H-Test-010	albertaFloods2013	352832884589072384
TRECIS-CTIT-H-Test-010	albertaFloods2013	352852388102684673
TRECIS-CTIT-H-Test-010	albertaFloods2013	352856926331219969
TRECIS-CTIT-H-Test-010	albertaFloods2013	352861875630903296
TRECIS-CTIT-H-Test-010	albertaFloods2013	352868754264293377
TRECIS-CTIT-H-Test-010	albertaFloods2013	352957337981566976
TRECIS-CTIT-H-Test-010	albertaFloods2013	352959690981916672
TRECIS-CTIT-H-Test-010	albertaFloods2013	353009414443241473
TRECIS-CTIT-H-Test-010	albertaFloods2013	353011381588590594
TRECIS-CTIT-H-Test-010	albertaFloods2013	353074690413170689
TRECIS-CTIT-H-Test-010	albertaFloods2013	353165513851015170
TRECIS-CTIT-H-Test-010	albertaFloods2013	353176226124406784
TRECIS-CTIT-H-Test-010	albertaFloods2013	353197629645135872
TRECIS-CTIT-H-Test-010	albertaFloods2013	353265988403335168
TRECIS-CTIT-H-Test-010	albertaFloods2013	353320136897343488
TRECIS-CTIT-H-Test-010	albertaFloods2013	353325488816664576
TRECIS-CTIT-H-Test-010	albertaFloods2013	353330295505813504
TRECIS-CTIT-H-Test-010	albertaFloods2013	353350927291387904
TRECIS-CTIT-H-Test-010	albertaFloods2013	353514098262155264
TRECIS-CTIT-H-Test-010	albertaFloods2013	353536558781038592
TRECIS-CTIT-H-Test-010	albertaFloods2013	353540459466989568
TRECIS-CTIT-H-Test-010	albertaFloods2013	353568968151277570
TRECIS-CTIT-H-Test-010	albertaFloods2013	353669425951539204
TRECIS-CTIT-H-Test-010	albertaFloods2013	353722446152601600
TRECIS-CTIT-H-Test-010	albertaFloods2013	354033101464272896
TRECIS-CTIT-H-Test-010	albertaFloods2013	354046170915545088
TRECIS-CTIT-H-Test-010	albertaFloods2013	354243307393662977
TRECIS-CTIT-H-Test-010	albertaFloods2013	354313666860023809
TRECIS-CTIT-H-Test-010	albertaFloods2013	354314602164654081
TRECIS-CTIT-H-Test-010	albertaFloods2013	354353156211224576
TRECIS-CTIT-H-Test-010	albertaFloods2013	354362073314107395
TRECIS-CTIT-H-Test-010	albertaFloods2013	354376833048911873
TRECIS-CTIT-H-Test-010	albertaFloods2013	354391747989733376
TRECIS-CTIT-H-Test-010	albertaFloods2013	354395665473880065
TRECIS-CTIT-H-Test-010	albertaFloods2013	354409733177884672
TRECIS-CTIT-H-Test-010	albertaFloods2013	354421829542223872
TRECIS-CTIT-H-Test-010	albertaFloods2013	354426766267383808
TRECIS-CTIT-H-Test-010	albertaFloods2013	354439470801616898
TRECIS-CTIT-H-Test-010	albertaFloods2013	354453345567649793
TRECIS-CTIT-H-Test-010	albertaFloods2013	354608123765460994
TRECIS-CTIT-H-Test-010	albertaFloods2013	354641531375849472
TRECIS-CTIT-H-Test-010	albertaFloods2013	354689577153343488
TRECIS-CTIT-H-Test-010	albertaFloods2013	354698997551734784
TRECIS-CTIT-H-Test-010	albertaFloods2013	354721734877904896
TRECIS-CTIT-H-Test-010	albertaFloods2013	354803305706295298
TRECIS-CTIT-H-Test-010	albertaFloods2013	354987137847934978
TRECIS-CTIT-H-Test-010	albertaFloods2013	355084001108692995
TRECIS-CTIT-H-Test-010	albertaFloods2013	355108688761065472
TRECIS-CTIT-H-Test-010	albertaFloods2013	355185180283109378
TRECIS-CTIT-H-Test-010	albertaFloods2013	355385642844295168
TRECIS-CTIT-H-Test-010	albertaFloods2013	355423135748730880
TRECIS-CTIT-H-Test-010	albertaFloods2013	355472532058546177
TRECIS-CTIT-H-Test-010	albertaFloods2013	355502957535567873
TRECIS-CTIT-H-Test-010	albertaFloods2013	355738488672485377
TRECIS-CTIT-H-Test-010	albertaFloods2013	355765575496122368
TRECIS-CTIT-H-Test-010	albertaFloods2013	356249115857920000
TRECIS-CTIT-H-Test-010	albertaFloods2013	356443085615538177
TRECIS-CTIT-H-Test-010	albertaFloods2013	356478426842017792
TRECIS-CTIT-H-Test-010	albertaFloods2013	356633364423389184
TRECIS-CTIT-H-Test-010	albertaFloods2013	356770161623183360
TRECIS-CTIT-H-Test-010	albertaFloods2013	356933366219681792
TRECIS-CTIT-H-Test-010	albertaFloods2013	356958972420431872
TRECIS-CTIT-H-Test-010	albertaFloods2013	347686624563429378
TRECIS-CTIT-H-Test-010	albertaFloods2013	347766337344503808
TRECIS-CTIT-H-Test-010	albertaFloods2013	347783236191129600
TRECIS-CTIT-H-Test-010	albertaFloods2013	347793432514801665
TRECIS-CTIT-H-Test-010	albertaFloods2013	347802211222433792
TRECIS-CTIT-H-Test-010	albertaFloods2013	347804916514951168
TRECIS-CTIT-H-Test-010	albertaFloods2013	347808955663257600
TRECIS-CTIT-H-Test-010	albertaFloods2013	347812738900320256
TRECIS-CTIT-H-Test-010	albertaFloods2013	347815712670236672
TRECIS-CTIT-H-Test-010	albertaFloods2013	347819248455913473
TRECIS-CTIT-H-Test-010	albertaFloods2013	347828509512724480
TRECIS-CTIT-H-Test-010	albertaFloods2013	347831613293473793
TRECIS-CTIT-H-Test-010	albertaFloods2013	347834360541614080
TRECIS-CTIT-H-Test-010	albertaFloods2013	347834796774400000
TRECIS-CTIT-H-Test-010	albertaFloods2013	347835581105057792
TRECIS-CTIT-H-Test-010	albertaFloods2013	347839322420019200
TRECIS-CTIT-H-Test-010	albertaFloods2013	347851469103431680
TRECIS-CTIT-H-Test-010	albertaFloods2013	347852572230553601
TRECIS-CTIT-H-Test-010	albertaFloods2013	347866593793024000
TRECIS-CTIT-H-Test-010	albertaFloods2013	347868816765763584
TRECIS-CTIT-H-Test-010	albertaFloods2013	347872579039662080
TRECIS-CTIT-H-Test-010	albertaFloods2013	347873627632439296
TRECIS-CTIT-H-Test-010	albertaFloods2013	347878031651635201
TRECIS-CTIT-H-Test-010	albertaFloods2013	347880648901537792
TRECIS-CTIT-H-Test-010	albertaFloods2013	347881596789067778
TRECIS-CTIT-H-Test-010	albertaFloods2013	347884541186297856
TRECIS-CTIT-H-Test-010	albertaFloods2013	347887263289597953
TRECIS-CTIT-H-Test-010	albertaFloods2013	347887946986295296
TRECIS-CTIT-H-Test-010	albertaFloods2013	347901205177044992
TRECIS-CTIT-H-Test-010	albertaFloods2013	347901683310944256
TRECIS-CTIT-H-Test-010	albertaFloods2013	347903776277008384
TRECIS-CTIT-H-Test-010	albertaFloods2013	347904308957814784
TRECIS-CTIT-H-Test-010	albertaFloods2013	347904782914174977
TRECIS-CTIT-H-Test-010	albertaFloods2013	347905873420619776
TRECIS-CTIT-H-Test-010	albertaFloods2013	347907664409395200
TRECIS-CTIT-H-Test-010	albertaFloods2013	347911137267953664
TRECIS-CTIT-H-Test-010	albertaFloods2013	347912009691578368
TRECIS-CTIT-H-Test-010	albertaFloods2013	347914475933941760
TRECIS-CTIT-H-Test-010	albertaFloods2013	347914811511808001
TRECIS-CTIT-H-Test-010	albertaFloods2013	347915021206036481
TRECIS-CTIT-H-Test-010	albertaFloods2013	347916199809658882
TRECIS-CTIT-H-Test-010	albertaFloods2013	347916212405145600
TRECIS-CTIT-H-Test-010	albertaFloods2013	347917680411553794
TRECIS-CTIT-H-Test-010	albertaFloods2013	347918284366168065
TRECIS-CTIT-H-Test-010	albertaFloods2013	347918506660073472
TRECIS-CTIT-H-Test-010	albertaFloods2013	347919739785449472
TRECIS-CTIT-H-Test-010	albertaFloods2013	347920062780407811
TRECIS-CTIT-H-Test-010	albertaFloods2013	347921119724060672
TRECIS-CTIT-H-Test-010	albertaFloods2013	347921186816147459
TRECIS-CTIT-H-Test-010	albertaFloods2013	347921258152865793
TRECIS-CTIT-H-Test-010	albertaFloods2013	347922013106606081
TRECIS-CTIT-H-Test-010	albertaFloods2013	347922340274905089
TRECIS-CTIT-H-Test-010	albertaFloods2013	347922856157523970
TRECIS-CTIT-H-Test-010	albertaFloods2013	347927046279794688
TRECIS-CTIT-H-Test-010	albertaFloods2013	347928778544128003
TRECIS-CTIT-H-Test-010	albertaFloods2013	347928887579254787
TRECIS-CTIT-H-Test-010	albertaFloods2013	347931089580470272
TRECIS-CTIT-H-Test-010	albertaFloods2013	347932788290379776
TRECIS-CTIT-H-Test-010	albertaFloods2013	347933274821242881
TRECIS-CTIT-H-Test-010	albertaFloods2013	347934264676978688
TRECIS-CTIT-H-Test-010	albertaFloods2013	347934679892099073
TRECIS-CTIT-H-Test-010	albertaFloods2013	347935749439619072
TRECIS-CTIT-H-Test-010	albertaFloods2013	347938937114869760
TRECIS-CTIT-H-Test-010	albertaFloods2013	347942602932371456
TRECIS-CTIT-H-Test-010	albertaFloods2013	347942951063789568
TRECIS-CTIT-H-Test-010	albertaFloods2013	347944733642981377
TRECIS-CTIT-H-Test-010	albertaFloods2013	347945157301256194
TRECIS-CTIT-H-Test-010	albertaFloods2013	347948810540036096
TRECIS-CTIT-H-Test-010	albertaFloods2013	347949078967091201
TRECIS-CTIT-H-Test-010	albertaFloods2013	347950987362836480
TRECIS-CTIT-H-Test-010	albertaFloods2013	347952103056093184
TRECIS-CTIT-H-Test-010	albertaFloods2013	347961057878351873
TRECIS-CTIT-H-Test-010	albertaFloods2013	347961531843084288
TRECIS-CTIT-H-Test-010	albertaFloods2013	347962056114315264
TRECIS-CTIT-H-Test-010	albertaFloods2013	347964547556052992
TRECIS-CTIT-H-Test-010	albertaFloods2013	347964602077810688
TRECIS-CTIT-H-Test-010	albertaFloods2013	347965080232669184
TRECIS-CTIT-H-Test-010	albertaFloods2013	347965428364099585
TRECIS-CTIT-H-Test-010	albertaFloods2013	347966007148683265
TRECIS-CTIT-H-Test-010	albertaFloods2013	347966581772529664
TRECIS-CTIT-H-Test-010	albertaFloods2013	347968645370101760
TRECIS-CTIT-H-Test-010	albertaFloods2013	347976702649053184
TRECIS-CTIT-H-Test-010	albertaFloods2013	347979277955895299
TRECIS-CTIT-H-Test-010	albertaFloods2013	347994360647917568
TRECIS-CTIT-H-Test-010	albertaFloods2013	347994553594298369
TRECIS-CTIT-H-Test-010	albertaFloods2013	348015923589963776
TRECIS-CTIT-H-Test-010	albertaFloods2013	348029991264600064
TRECIS-CTIT-H-Test-010	albertaFloods2013	348038375669915648
TRECIS-CTIT-H-Test-010	albertaFloods2013	348048823693750272
TRECIS-CTIT-H-Test-010	albertaFloods2013	348049947792384001
TRECIS-CTIT-H-Test-010	albertaFloods2013	348051789083447297
TRECIS-CTIT-H-Test-010	albertaFloods2013	348056482518024192
TRECIS-CTIT-H-Test-010	albertaFloods2013	348057631732146178
TRECIS-CTIT-H-Test-010	albertaFloods2013	348059787625394176
TRECIS-CTIT-H-Test-010	albertaFloods2013	348060488044802049
TRECIS-CTIT-H-Test-010	albertaFloods2013	348062132207747072
TRECIS-CTIT-H-Test-010	albertaFloods2013	348067303813951488
TRECIS-CTIT-H-Test-010	albertaFloods2013	348068046209970177
TRECIS-CTIT-H-Test-010	albertaFloods2013	348068713095897088
TRECIS-CTIT-H-Test-010	albertaFloods2013	348069715530354688
TRECIS-CTIT-H-Test-010	albertaFloods2013	348071133205118976
TRECIS-CTIT-H-Test-010	albertaFloods2013	348072429249236992
TRECIS-CTIT-H-Test-010	albertaFloods2013	348072861245767680
TRECIS-CTIT-H-Test-010	albertaFloods2013	348074333463252992
TRECIS-CTIT-H-Test-010	albertaFloods2013	348075121992400896
TRECIS-CTIT-H-Test-010	albertaFloods2013	348075403019157507
TRECIS-CTIT-H-Test-010	albertaFloods2013	348076019577675776
TRECIS-CTIT-H-Test-010	albertaFloods2013	348076518678855681
TRECIS-CTIT-H-Test-010	albertaFloods2013	348077579858755586
TRECIS-CTIT-H-Test-010	albertaFloods2013	348077827318509568
TRECIS-CTIT-H-Test-010	albertaFloods2013	348078208974987264
TRECIS-CTIT-H-Test-010	albertaFloods2013	348078351589707777
TRECIS-CTIT-H-Test-010	albertaFloods2013	348080608121073664
TRECIS-CTIT-H-Test-010	albertaFloods2013	348080826245857280
TRECIS-CTIT-H-Test-010	albertaFloods2013	348081795121680384
TRECIS-CTIT-H-Test-010	albertaFloods2013	348083074371821570
TRECIS-CTIT-H-Test-010	albertaFloods2013	348083380577001473
TRECIS-CTIT-H-Test-010	albertaFloods2013	348085293175427072
TRECIS-CTIT-H-Test-010	albertaFloods2013	348085729362067457
TRECIS-CTIT-H-Test-010	albertaFloods2013	348086199140880385
TRECIS-CTIT-H-Test-010	albertaFloods2013	348086928966553602
TRECIS-CTIT-H-Test-010	albertaFloods2013	348088204009811968
TRECIS-CTIT-H-Test-010	albertaFloods2013	348088640238407680
TRECIS-CTIT-H-Test-010	albertaFloods2013	348089730736463872
TRECIS-CTIT-H-Test-010	albertaFloods2013	348090145985138689
TRECIS-CTIT-H-Test-010	albertaFloods2013	348090158551269379
TRECIS-CTIT-H-Test-010	albertaFloods2013	348090431193620480
TRECIS-CTIT-H-Test-010	albertaFloods2013	348090754142445568
TRECIS-CTIT-H-Test-010	albertaFloods2013	348091181961461760
TRECIS-CTIT-H-Test-010	albertaFloods2013	348091618173276160
TRECIS-CTIT-H-Test-010	albertaFloods2013	348092062777880577
TRECIS-CTIT-H-Test-010	albertaFloods2013	348092075373371394
TRECIS-CTIT-H-Test-010	albertaFloods2013	348093300097556482
TRECIS-CTIT-H-Test-010	albertaFloods2013	348094625510203392
TRECIS-CTIT-H-Test-010	albertaFloods2013	348095216911265792
TRECIS-CTIT-H-Test-010	albertaFloods2013	348095573414514688
TRECIS-CTIT-H-Test-010	albertaFloods2013	348096177377509376
TRECIS-CTIT-H-Test-010	albertaFloods2013	348097955795963904
TRECIS-CTIT-H-Test-010	albertaFloods2013	348098094170263552
TRECIS-CTIT-H-Test-010	albertaFloods2013	348098622660952066
TRECIS-CTIT-H-Test-010	albertaFloods2013	348099004363587584
TRECIS-CTIT-H-Test-010	albertaFloods2013	348099193098874883
TRECIS-CTIT-H-Test-010	albertaFloods2013	348100824670543872
TRECIS-CTIT-H-Test-010	albertaFloods2013	348101281874857984
TRECIS-CTIT-H-Test-010	albertaFloods2013	348101445456891904
TRECIS-CTIT-H-Test-010	albertaFloods2013	348101621579911169
TRECIS-CTIT-H-Test-010	albertaFloods2013	348102284279955456
TRECIS-CTIT-H-Test-010	albertaFloods2013	348103039258857472
TRECIS-CTIT-H-Test-010	albertaFloods2013	348103836210184192
TRECIS-CTIT-H-Test-010	albertaFloods2013	348109313946034176
TRECIS-CTIT-H-Test-010	albertaFloods2013	348109871801040896
TRECIS-CTIT-H-Test-010	albertaFloods2013	348112031859228672
TRECIS-CTIT-H-Test-010	albertaFloods2013	348112442917797891
TRECIS-CTIT-H-Test-010	albertaFloods2013	348113927701409792
TRECIS-CTIT-H-Test-010	albertaFloods2013	348114510676103168
TRECIS-CTIT-H-Test-010	albertaFloods2013	348115232121552898
TRECIS-CTIT-H-Test-010	albertaFloods2013	348115659948949505
TRECIS-CTIT-H-Test-010	albertaFloods2013	348116553318928387
TRECIS-CTIT-H-Test-010	albertaFloods2013	348117073395859456
TRECIS-CTIT-H-Test-010	albertaFloods2013	348117203448627200
TRECIS-CTIT-H-Test-010	albertaFloods2013	348117555778551809
TRECIS-CTIT-H-Test-010	albertaFloods2013	348118088450969601
TRECIS-CTIT-H-Test-010	albertaFloods2013	348120638554259456
TRECIS-CTIT-H-Test-010	albertaFloods2013	348120852472152064
TRECIS-CTIT-H-Test-010	albertaFloods2013	348121355797020673
TRECIS-CTIT-H-Test-010	albertaFloods2013	348121724904157185
TRECIS-CTIT-H-Test-010	albertaFloods2013	348121913643638785
TRECIS-CTIT-H-Test-010	albertaFloods2013	348123700425523200
TRECIS-CTIT-H-Test-010	albertaFloods2013	348124962902650880
TRECIS-CTIT-H-Test-010	albertaFloods2013	348125923394064386
TRECIS-CTIT-H-Test-010	albertaFloods2013	348126846128373763
TRECIS-CTIT-H-Test-010	albertaFloods2013	348127290745565185
TRECIS-CTIT-H-Test-010	albertaFloods2013	348129400480481281
TRECIS-CTIT-H-Test-010	albertaFloods2013	348129597616963585
TRECIS-CTIT-H-Test-010	albertaFloods2013	348129736037376000
TRECIS-CTIT-H-Test-010	albertaFloods2013	348129949913321474
TRECIS-CTIT-H-Test-010	albertaFloods2013	348130319041437696
TRECIS-CTIT-H-Test-010	albertaFloods2013	348130566509563904
TRECIS-CTIT-H-Test-010	albertaFloods2013	348131443081351168
TRECIS-CTIT-H-Test-010	albertaFloods2013	348133015949545472
TRECIS-CTIT-H-Test-010	albertaFloods2013	348133288575107075
TRECIS-CTIT-H-Test-010	albertaFloods2013	348133984833773568
TRECIS-CTIT-H-Test-010	albertaFloods2013	348135280877899776
TRECIS-CTIT-H-Test-010	albertaFloods2013	348136853771272196
TRECIS-CTIT-H-Test-010	albertaFloods2013	348138086863085568
TRECIS-CTIT-H-Test-010	albertaFloods2013	348138284007964673
TRECIS-CTIT-H-Test-010	albertaFloods2013	348139420685320194
TRECIS-CTIT-H-Test-010	albertaFloods2013	348139739427270656
TRECIS-CTIT-H-Test-010	albertaFloods2013	348141270339829760
TRECIS-CTIT-H-Test-010	albertaFloods2013	348141509436129281
TRECIS-CTIT-H-Test-010	albertaFloods2013	348142327308619781
TRECIS-CTIT-H-Test-010	albertaFloods2013	348142402814488579
TRECIS-CTIT-H-Test-010	albertaFloods2013	348142507672092673
TRECIS-CTIT-H-Test-010	albertaFloods2013	348142755119239168
TRECIS-CTIT-H-Test-010	albertaFloods2013	348144160219475968
TRECIS-CTIT-H-Test-010	albertaFloods2013	348145020072759296
TRECIS-CTIT-H-Test-010	albertaFloods2013	348145074569355264
TRECIS-CTIT-H-Test-010	albertaFloods2013	348149604434456576
TRECIS-CTIT-H-Test-010	albertaFloods2013	348149650592772097
TRECIS-CTIT-H-Test-010	albertaFloods2013	348149914821328896
TRECIS-CTIT-H-Test-010	albertaFloods2013	348150254568349696
TRECIS-CTIT-H-Test-010	albertaFloods2013	348151995196129280
TRECIS-CTIT-H-Test-010	albertaFloods2013	348154868306935809
TRECIS-CTIT-H-Test-010	albertaFloods2013	348156944449679362
TRECIS-CTIT-H-Test-010	albertaFloods2013	348158001452044289
TRECIS-CTIT-H-Test-010	albertaFloods2013	348163105903214592
TRECIS-CTIT-H-Test-010	albertaFloods2013	348163303027122177
TRECIS-CTIT-H-Test-010	albertaFloods2013	348163869258166272
TRECIS-CTIT-H-Test-010	albertaFloods2013	348165517636419584
TRECIS-CTIT-H-Test-010	albertaFloods2013	348166079681540097
TRECIS-CTIT-H-Test-010	albertaFloods2013	348168990511742976
TRECIS-CTIT-H-Test-010	albertaFloods2013	348170034893422592
TRECIS-CTIT-H-Test-010	albertaFloods2013	348170517230014464
TRECIS-CTIT-H-Test-010	albertaFloods2013	348170538222497792
TRECIS-CTIT-H-Test-010	albertaFloods2013	348170575962845184
TRECIS-CTIT-H-Test-010	albertaFloods2013	348171003781857281
TRECIS-CTIT-H-Test-010	albertaFloods2013	348171955893043201
TRECIS-CTIT-H-Test-010	albertaFloods2013	348172421444009984
TRECIS-CTIT-H-Test-010	albertaFloods2013	348172870234542080
TRECIS-CTIT-H-Test-010	albertaFloods2013	348172924781461504
TRECIS-CTIT-H-Test-010	albertaFloods2013	348174715719913472
TRECIS-CTIT-H-Test-010	albertaFloods2013	348175114178789376
TRECIS-CTIT-H-Test-010	albertaFloods2013	348176225677750272
TRECIS-CTIT-H-Test-010	albertaFloods2013	348177437844176896
TRECIS-CTIT-H-Test-010	albertaFloods2013	348177597219340288
TRECIS-CTIT-H-Test-010	albertaFloods2013	348178062791290882
TRECIS-CTIT-H-Test-010	albertaFloods2013	348180801688576000
TRECIS-CTIT-H-Test-010	albertaFloods2013	348181946729373696
TRECIS-CTIT-H-Test-010	albertaFloods2013	348185612555268098
TRECIS-CTIT-H-Test-010	albertaFloods2013	348187235729932288
TRECIS-CTIT-H-Test-010	albertaFloods2013	348188443685302275
TRECIS-CTIT-H-Test-010	albertaFloods2013	348188636627484673
TRECIS-CTIT-H-Test-010	albertaFloods2013	348190331113701377
TRECIS-CTIT-H-Test-010	albertaFloods2013	348194420568489984
TRECIS-CTIT-H-Test-010	albertaFloods2013	348194529641377794
TRECIS-CTIT-H-Test-010	albertaFloods2013	348196391912361984
TRECIS-CTIT-H-Test-010	albertaFloods2013	348197813773008896
TRECIS-CTIT-H-Test-010	albertaFloods2013	348199046910967809
TRECIS-CTIT-H-Test-010	albertaFloods2013	348199252431876096
TRECIS-CTIT-H-Test-010	albertaFloods2013	348199323735048192
TRECIS-CTIT-H-Test-010	albertaFloods2013	348199478903324672
TRECIS-CTIT-H-Test-010	albertaFloods2013	348200057721470976
TRECIS-CTIT-H-Test-010	albertaFloods2013	348201341174292480
TRECIS-CTIT-H-Test-010	albertaFloods2013	348201815147417600
TRECIS-CTIT-H-Test-010	albertaFloods2013	348203450892439554
TRECIS-CTIT-H-Test-010	albertaFloods2013	348204600165273600
TRECIS-CTIT-H-Test-010	albertaFloods2013	348207041237630978
TRECIS-CTIT-H-Test-010	albertaFloods2013	348208320517120000
TRECIS-CTIT-H-Test-010	albertaFloods2013	348208542802644992
TRECIS-CTIT-H-Test-010	albertaFloods2013	348211671757639680
TRECIS-CTIT-H-Test-010	albertaFloods2013	348212258939236352
TRECIS-CTIT-H-Test-010	albertaFloods2013	348212342854660096
TRECIS-CTIT-H-Test-010	albertaFloods2013	348216906244816896
TRECIS-CTIT-H-Test-010	albertaFloods2013	348217606676824065
TRECIS-CTIT-H-Test-010	albertaFloods2013	348218403619741697
TRECIS-CTIT-H-Test-010	albertaFloods2013	348221293478412288
TRECIS-CTIT-H-Test-010	albertaFloods2013	348222367211859968
TRECIS-CTIT-H-Test-010	albertaFloods2013	348222744695025664
TRECIS-CTIT-H-Test-010	albertaFloods2013	348222950220120065
TRECIS-CTIT-H-Test-010	albertaFloods2013	348225148060581888
TRECIS-CTIT-H-Test-010	albertaFloods2013	348225663955771393
TRECIS-CTIT-H-Test-010	albertaFloods2013	348229426242273280
TRECIS-CTIT-H-Test-010	albertaFloods2013	348234065134096386
TRECIS-CTIT-H-Test-010	albertaFloods2013	348234375508393985
TRECIS-CTIT-H-Test-010	albertaFloods2013	348236158087598081
TRECIS-CTIT-H-Test-010	albertaFloods2013	348241023480242176
TRECIS-CTIT-H-Test-010	albertaFloods2013	348241593905582082
TRECIS-CTIT-H-Test-010	albertaFloods2013	348246358647508993
TRECIS-CTIT-H-Test-010	albertaFloods2013	348246627074580480
TRECIS-CTIT-H-Test-010	albertaFloods2013	348248162185641984
TRECIS-CTIT-H-Test-010	albertaFloods2013	348251509240250369
TRECIS-CTIT-H-Test-010	albertaFloods2013	348252926931771392
TRECIS-CTIT-H-Test-010	albertaFloods2013	348255091196833792
TRECIS-CTIT-H-Test-010	albertaFloods2013	348263601414475777
TRECIS-CTIT-H-Test-010	albertaFloods2013	348267573428756480
TRECIS-CTIT-H-Test-010	albertaFloods2013	348268395524939776
TRECIS-CTIT-H-Test-010	albertaFloods2013	348268676534898688
TRECIS-CTIT-H-Test-010	albertaFloods2013	348269813187088385
TRECIS-CTIT-H-Test-010	albertaFloods2013	348271813857517568
TRECIS-CTIT-H-Test-010	albertaFloods2013	348275538412052480
TRECIS-CTIT-H-Test-010	albertaFloods2013	348276276630528000
TRECIS-CTIT-H-Test-010	albertaFloods2013	348281951490306049
TRECIS-CTIT-H-Test-010	albertaFloods2013	348292303040942080
TRECIS-CTIT-H-Test-010	albertaFloods2013	348301153039167488
TRECIS-CTIT-H-Test-010	albertaFloods2013	348301220118683650
TRECIS-CTIT-H-Test-010	albertaFloods2013	348304101639065600
TRECIS-CTIT-H-Test-010	albertaFloods2013	348304642691694592
TRECIS-CTIT-H-Test-010	albertaFloods2013	348305477354000385
TRECIS-CTIT-H-Test-010	albertaFloods2013	348307129926565891
TRECIS-CTIT-H-Test-010	albertaFloods2013	348307624837652480
TRECIS-CTIT-H-Test-010	albertaFloods2013	348309529068445697
TRECIS-CTIT-H-Test-010	albertaFloods2013	348315212346167296
TRECIS-CTIT-H-Test-010	albertaFloods2013	348316315422953473
TRECIS-CTIT-H-Test-010	albertaFloods2013	348316432897028096
TRECIS-CTIT-H-Test-010	albertaFloods2013	348316873290551297
TRECIS-CTIT-H-Test-010	albertaFloods2013	348317745693212672
TRECIS-CTIT-H-Test-010	albertaFloods2013	348324754366812160
TRECIS-CTIT-H-Test-010	albertaFloods2013	348326247564206080
TRECIS-CTIT-H-Test-010	albertaFloods2013	348327958831837184
TRECIS-CTIT-H-Test-010	albertaFloods2013	348328856421269505
TRECIS-CTIT-H-Test-010	albertaFloods2013	348329087112183808
TRECIS-CTIT-H-Test-010	albertaFloods2013	348331976970866688
TRECIS-CTIT-H-Test-010	albertaFloods2013	348342227849854976
TRECIS-CTIT-H-Test-010	albertaFloods2013	348346078208331776
TRECIS-CTIT-H-Test-010	albertaFloods2013	348349731459715072
TRECIS-CTIT-H-Test-010	albertaFloods2013	348358803730878464
TRECIS-CTIT-H-Test-010	albertaFloods2013	348365644665856000
TRECIS-CTIT-H-Test-010	albertaFloods2013	348400193114345473
TRECIS-CTIT-H-Test-010	albertaFloods2013	348413681996034048
TRECIS-CTIT-H-Test-010	albertaFloods2013	348417012294365185
TRECIS-CTIT-H-Test-010	albertaFloods2013	348424872399093760
TRECIS-CTIT-H-Test-010	albertaFloods2013	348428265620385792
TRECIS-CTIT-H-Test-010	albertaFloods2013	348434036965912576
TRECIS-CTIT-H-Test-010	albertaFloods2013	348445667783491584
TRECIS-CTIT-H-Test-010	albertaFloods2013	348445822955958273
TRECIS-CTIT-H-Test-010	albertaFloods2013	348449325187231744
TRECIS-CTIT-H-Test-010	albertaFloods2013	348453179752587264
TRECIS-CTIT-H-Test-010	albertaFloods2013	348457608971173888
TRECIS-CTIT-H-Test-010	albertaFloods2013	348458577842798592
TRECIS-CTIT-H-Test-010	albertaFloods2013	348465464898375682
TRECIS-CTIT-H-Test-010	albertaFloods2013	348465582313713666
TRECIS-CTIT-H-Test-010	albertaFloods2013	348466446373879808
TRECIS-CTIT-H-Test-010	albertaFloods2013	348467335557943296
TRECIS-CTIT-H-Test-010	albertaFloods2013	348471416619925504
TRECIS-CTIT-H-Test-010	albertaFloods2013	348472133824937984
TRECIS-CTIT-H-Test-010	albertaFloods2013	348475631899668480
TRECIS-CTIT-H-Test-010	albertaFloods2013	348476948894318592
TRECIS-CTIT-H-Test-010	albertaFloods2013	348479473882112000
TRECIS-CTIT-H-Test-010	albertaFloods2013	348480715396108288
TRECIS-CTIT-H-Test-010	albertaFloods2013	348481025762029568
TRECIS-CTIT-H-Test-010	albertaFloods2013	348481084486471680
TRECIS-CTIT-H-Test-010	albertaFloods2013	348481201914408960
TRECIS-CTIT-H-Test-010	albertaFloods2013	348481432601116672
TRECIS-CTIT-H-Test-010	albertaFloods2013	348486704841228289
TRECIS-CTIT-H-Test-010	albertaFloods2013	348492887245328385
TRECIS-CTIT-H-Test-010	albertaFloods2013	348493105332363264
TRECIS-CTIT-H-Test-010	albertaFloods2013	348494908895674369
TRECIS-CTIT-H-Test-010	albertaFloods2013	348495282188722176
TRECIS-CTIT-H-Test-010	albertaFloods2013	348495781315084288
TRECIS-CTIT-H-Test-010	albertaFloods2013	348498075590991872
TRECIS-CTIT-H-Test-010	albertaFloods2013	348498994139377664
TRECIS-CTIT-H-Test-010	albertaFloods2013	348500193722908672
TRECIS-CTIT-H-Test-010	albertaFloods2013	348500655087951872
TRECIS-CTIT-H-Test-010	albertaFloods2013	348501204533387265
TRECIS-CTIT-H-Test-010	albertaFloods2013	348501951157243904
TRECIS-CTIT-H-Test-010	albertaFloods2013	348503184257458176
TRECIS-CTIT-H-Test-010	albertaFloods2013	348509580566872065
TRECIS-CTIT-H-Test-010	albertaFloods2013	348512566932275200
TRECIS-CTIT-H-Test-010	albertaFloods2013	348514483708260353
TRECIS-CTIT-H-Test-010	albertaFloods2013	348515419046424578
TRECIS-CTIT-H-Test-010	albertaFloods2013	348518732554973185
TRECIS-CTIT-H-Test-010	albertaFloods2013	348522817798672384
TRECIS-CTIT-H-Test-010	albertaFloods2013	348527574160375809
TRECIS-CTIT-H-Test-010	albertaFloods2013	348532548596551680
TRECIS-CTIT-H-Test-010	albertaFloods2013	348533102215299072
TRECIS-CTIT-H-Test-010	albertaFloods2013	348534217921142785
TRECIS-CTIT-H-Test-010	albertaFloods2013	348534809309614081
TRECIS-CTIT-H-Test-010	albertaFloods2013	348534847058350080
TRECIS-CTIT-H-Test-010	albertaFloods2013	348545387344314368
TRECIS-CTIT-H-Test-010	albertaFloods2013	348546117157400576
TRECIS-CTIT-H-Test-010	albertaFloods2013	348547190915993600
TRECIS-CTIT-H-Test-010	albertaFloods2013	348548570829434881
TRECIS-CTIT-H-Test-010	albertaFloods2013	348553302000144384
TRECIS-CTIT-H-Test-010	albertaFloods2013	348553864045268993
TRECIS-CTIT-H-Test-010	albertaFloods2013	348556565185441792
TRECIS-CTIT-H-Test-010	albertaFloods2013	348557299192840194
TRECIS-CTIT-H-Test-010	albertaFloods2013	348559870288617472
TRECIS-CTIT-H-Test-010	albertaFloods2013	348563208950382592
TRECIS-CTIT-H-Test-010	albertaFloods2013	348564479824498688
TRECIS-CTIT-H-Test-010	albertaFloods2013	348566543409487872
TRECIS-CTIT-H-Test-010	albertaFloods2013	348567608787877888
TRECIS-CTIT-H-Test-010	albertaFloods2013	348568367935922176
TRECIS-CTIT-H-Test-010	albertaFloods2013	348570850968076288
TRECIS-CTIT-H-Test-010	albertaFloods2013	348572415439278082
TRECIS-CTIT-H-Test-010	albertaFloods2013	348572549673795584
TRECIS-CTIT-H-Test-010	albertaFloods2013	348573833126608896
TRECIS-CTIT-H-Test-010	albertaFloods2013	348579197616259072
TRECIS-CTIT-H-Test-010	albertaFloods2013	348580669846327296
TRECIS-CTIT-H-Test-010	albertaFloods2013	348581043110035457
TRECIS-CTIT-H-Test-010	albertaFloods2013	348598206206193666
TRECIS-CTIT-H-Test-010	albertaFloods2013	348602513789952001
TRECIS-CTIT-H-Test-010	albertaFloods2013	348606620013568000
TRECIS-CTIT-H-Test-010	albertaFloods2013	348606951338422272
TRECIS-CTIT-H-Test-010	albertaFloods2013	348609761547259905
TRECIS-CTIT-H-Test-010	albertaFloods2013	348622029869690880
TRECIS-CTIT-H-Test-010	albertaFloods2013	348627746718617600
TRECIS-CTIT-H-Test-010	albertaFloods2013	348628505862483968
TRECIS-CTIT-H-Test-010	albertaFloods2013	348630816949153793
TRECIS-CTIT-H-Test-010	albertaFloods2013	348636407952191488
TRECIS-CTIT-H-Test-010	albertaFloods2013	348638626743214082
TRECIS-CTIT-H-Test-010	albertaFloods2013	348641600508923905
TRECIS-CTIT-H-Test-010	albertaFloods2013	348648663683301377
TRECIS-CTIT-H-Test-010	albertaFloods2013	348648982463016962
TRECIS-CTIT-H-Test-010	albertaFloods2013	348650081366458368
TRECIS-CTIT-H-Test-010	albertaFloods2013	348655668187758592
TRECIS-CTIT-H-Test-010	albertaFloods2013	348657220076044290
TRECIS-CTIT-H-Test-010	albertaFloods2013	348662072889966592
TRECIS-CTIT-H-Test-010	albertaFloods2013	348675276571557888
TRECIS-CTIT-H-Test-010	albertaFloods2013	348680917897838593
TRECIS-CTIT-H-Test-010	albertaFloods2013	348711146225811456
TRECIS-CTIT-H-Test-010	albertaFloods2013	348721531335094272
TRECIS-CTIT-H-Test-010	albertaFloods2013	348748534285205504
TRECIS-CTIT-H-Test-010	albertaFloods2013	348778972345143296
TRECIS-CTIT-H-Test-010	albertaFloods2013	348789885915774976
TRECIS-CTIT-H-Test-010	albertaFloods2013	348806839279947776
TRECIS-CTIT-H-Test-010	albertaFloods2013	348812191220256768
TRECIS-CTIT-H-Test-010	albertaFloods2013	348814594564829185
TRECIS-CTIT-H-Test-010	albertaFloods2013	348819136996061185
TRECIS-CTIT-H-Test-010	albertaFloods2013	348819854201073664
TRECIS-CTIT-H-Test-010	albertaFloods2013	348820189774753792
TRECIS-CTIT-H-Test-010	albertaFloods2013	348827676582240256
TRECIS-CTIT-H-Test-010	albertaFloods2013	348831061414916096
TRECIS-CTIT-H-Test-010	albertaFloods2013	348831304663580672
TRECIS-CTIT-H-Test-010	albertaFloods2013	348832709763792896
TRECIS-CTIT-H-Test-010	albertaFloods2013	348835515740598274
TRECIS-CTIT-H-Test-010	albertaFloods2013	348847553409851392
TRECIS-CTIT-H-Test-010	albertaFloods2013	348852221678596096
TRECIS-CTIT-H-Test-010	albertaFloods2013	348853085688442881
TRECIS-CTIT-H-Test-010	albertaFloods2013	348853182144843777
TRECIS-CTIT-H-Test-010	albertaFloods2013	348854553673875456
TRECIS-CTIT-H-Test-010	albertaFloods2013	348854671139553281
TRECIS-CTIT-H-Test-010	albertaFloods2013	348859607810179072
TRECIS-CTIT-H-Test-010	albertaFloods2013	348863550481117184
TRECIS-CTIT-H-Test-010	albertaFloods2013	348865609884385280
TRECIS-CTIT-H-Test-010	albertaFloods2013	348866264183218179
TRECIS-CTIT-H-Test-010	albertaFloods2013	348867581182099456
TRECIS-CTIT-H-Test-010	albertaFloods2013	348868147421536256
TRECIS-CTIT-H-Test-010	albertaFloods2013	348868717838471171
TRECIS-CTIT-H-Test-010	albertaFloods2013	348872425607401472
TRECIS-CTIT-H-Test-010	albertaFloods2013	348873142837592064
TRECIS-CTIT-H-Test-010	albertaFloods2013	348876963852722177
TRECIS-CTIT-H-Test-010	albertaFloods2013	348877882426265601
TRECIS-CTIT-H-Test-010	albertaFloods2013	348888510775828481
TRECIS-CTIT-H-Test-010	albertaFloods2013	348895309755191297
TRECIS-CTIT-H-Test-010	albertaFloods2013	348898774225125376
TRECIS-CTIT-H-Test-010	albertaFloods2013	348902951781273600
TRECIS-CTIT-H-Test-010	albertaFloods2013	348902972731838464
TRECIS-CTIT-H-Test-010	albertaFloods2013	348903157281198081
TRECIS-CTIT-H-Test-010	albertaFloods2013	348903559942774784
TRECIS-CTIT-H-Test-010	albertaFloods2013	348905854227054594
TRECIS-CTIT-H-Test-010	albertaFloods2013	348913546568015872
TRECIS-CTIT-H-Test-010	albertaFloods2013	348916436443480064
TRECIS-CTIT-H-Test-010	albertaFloods2013	348922744676679680
TRECIS-CTIT-H-Test-010	albertaFloods2013	348926066573840385
TRECIS-CTIT-H-Test-010	albertaFloods2013	348931909243506688
TRECIS-CTIT-H-Test-010	albertaFloods2013	348934048342753280
TRECIS-CTIT-H-Test-010	albertaFloods2013	348942877352669186
TRECIS-CTIT-H-Test-010	albertaFloods2013	348943988830658560
TRECIS-CTIT-H-Test-010	albertaFloods2013	348944215310471170
TRECIS-CTIT-H-Test-010	albertaFloods2013	348944362115313665
TRECIS-CTIT-H-Test-010	albertaFloods2013	348944827678859264
TRECIS-CTIT-H-Test-010	albertaFloods2013	348949265252499456
TRECIS-CTIT-H-Test-010	albertaFloods2013	348949747601653760
TRECIS-CTIT-H-Test-010	albertaFloods2013	348958668882059264
TRECIS-CTIT-H-Test-010	albertaFloods2013	348961974022979584
TRECIS-CTIT-H-Test-010	albertaFloods2013	348964503196680193
TRECIS-CTIT-H-Test-010	albertaFloods2013	348965090374057985
TRECIS-CTIT-H-Test-010	albertaFloods2013	348965937631866880
TRECIS-CTIT-H-Test-010	albertaFloods2013	348967606948081664
TRECIS-CTIT-H-Test-010	albertaFloods2013	348972807918600192
TRECIS-CTIT-H-Test-010	albertaFloods2013	348979715937275904
TRECIS-CTIT-H-Test-010	albertaFloods2013	348987617993428992
TRECIS-CTIT-H-Test-010	albertaFloods2013	348991661315072001
TRECIS-CTIT-H-Test-010	albertaFloods2013	348994354020491264
TRECIS-CTIT-H-Test-010	albertaFloods2013	348996916761198592
TRECIS-CTIT-H-Test-010	albertaFloods2013	348999349465911296
TRECIS-CTIT-H-Test-010	albertaFloods2013	349006865646104576
TRECIS-CTIT-H-Test-010	albertaFloods2013	349009818419335168
TRECIS-CTIT-H-Test-010	albertaFloods2013	349013706576896000
TRECIS-CTIT-H-Test-010	albertaFloods2013	349038067077746688
TRECIS-CTIT-H-Test-010	albertaFloods2013	349041644802277376
TRECIS-CTIT-H-Test-010	albertaFloods2013	349099597496451072
TRECIS-CTIT-H-Test-010	albertaFloods2013	349155679568805890
TRECIS-CTIT-H-Test-010	albertaFloods2013	349158124839632896
TRECIS-CTIT-H-Test-010	albertaFloods2013	349164693107113984
TRECIS-CTIT-H-Test-010	albertaFloods2013	349164697297223683
TRECIS-CTIT-H-Test-010	albertaFloods2013	349171081040523264
TRECIS-CTIT-H-Test-010	albertaFloods2013	349172121244676097
TRECIS-CTIT-H-Test-010	albertaFloods2013	349181210301456385
TRECIS-CTIT-H-Test-010	albertaFloods2013	349181604545036291
TRECIS-CTIT-H-Test-010	albertaFloods2013	349188353175977985
TRECIS-CTIT-H-Test-010	albertaFloods2013	349189825385086976
TRECIS-CTIT-H-Test-010	albertaFloods2013	349196032942415872
TRECIS-CTIT-H-Test-010	albertaFloods2013	349199627486117891
TRECIS-CTIT-H-Test-010	albertaFloods2013	349200151748935682
TRECIS-CTIT-H-Test-010	albertaFloods2013	349212868895440896
TRECIS-CTIT-H-Test-010	albertaFloods2013	349224910729646083
TRECIS-CTIT-H-Test-010	albertaFloods2013	349228786266537984
TRECIS-CTIT-H-Test-010	albertaFloods2013	349238064058605569
TRECIS-CTIT-H-Test-010	albertaFloods2013	349240735863808000
TRECIS-CTIT-H-Test-010	albertaFloods2013	349253792732155904
TRECIS-CTIT-H-Test-010	albertaFloods2013	349258708435480576
TRECIS-CTIT-H-Test-010	albertaFloods2013	349260130317115392
TRECIS-CTIT-H-Test-010	albertaFloods2013	349261694788313090
TRECIS-CTIT-H-Test-010	albertaFloods2013	349269584269942786
TRECIS-CTIT-H-Test-010	albertaFloods2013	349272688067481600
TRECIS-CTIT-H-Test-010	albertaFloods2013	349285220618481665
TRECIS-CTIT-H-Test-010	albertaFloods2013	349292342542483457
TRECIS-CTIT-H-Test-010	albertaFloods2013	349295639303172096
TRECIS-CTIT-H-Test-010	albertaFloods2013	349297669337919488
TRECIS-CTIT-H-Test-010	albertaFloods2013	349301217693937666
TRECIS-CTIT-H-Test-010	albertaFloods2013	349303046410473472
TRECIS-CTIT-H-Test-010	albertaFloods2013	349308201222684674
TRECIS-CTIT-H-Test-010	albertaFloods2013	349309505638637568
TRECIS-CTIT-H-Test-010	albertaFloods2013	349311925760425986
TRECIS-CTIT-H-Test-010	albertaFloods2013	349312605233500160
TRECIS-CTIT-H-Test-010	albertaFloods2013	349324378674171905
TRECIS-CTIT-H-Test-010	albertaFloods2013	349333362843979777
TRECIS-CTIT-H-Test-010	albertaFloods2013	349342443524734978
TRECIS-CTIT-H-Test-010	albertaFloods2013	349345274671546369
TRECIS-CTIT-H-Test-010	albertaFloods2013	349350769226555392
TRECIS-CTIT-H-Test-010	albertaFloods2013	349360084779925504
TRECIS-CTIT-H-Test-010	albertaFloods2013	349363721245696002
TRECIS-CTIT-H-Test-010	albertaFloods2013	349402975720062976
TRECIS-CTIT-H-Test-010	albertaFloods2013	349406188535955456
TRECIS-CTIT-H-Test-010	albertaFloods2013	349412320608403456
TRECIS-CTIT-H-Test-010	albertaFloods2013	349414409401155584
TRECIS-CTIT-H-Test-010	albertaFloods2013	349468931146252288
TRECIS-CTIT-H-Test-010	albertaFloods2013	349494151483637760
TRECIS-CTIT-H-Test-010	albertaFloods2013	349525340357533697
TRECIS-CTIT-H-Test-010	albertaFloods2013	349530063148040192
TRECIS-CTIT-H-Test-010	albertaFloods2013	349532466459058177
TRECIS-CTIT-H-Test-010	albertaFloods2013	349532898472374272
TRECIS-CTIT-H-Test-010	albertaFloods2013	349534517482098689
TRECIS-CTIT-H-Test-010	albertaFloods2013	349534991442657282
TRECIS-CTIT-H-Test-010	albertaFloods2013	349548123808473092
TRECIS-CTIT-H-Test-010	albertaFloods2013	349555296080887809
TRECIS-CTIT-H-Test-010	albertaFloods2013	349562187288809472
TRECIS-CTIT-H-Test-010	albertaFloods2013	349562799669772289
TRECIS-CTIT-H-Test-010	albertaFloods2013	349565760856793088
TRECIS-CTIT-H-Test-010	albertaFloods2013	349568713642610688
TRECIS-CTIT-H-Test-010	albertaFloods2013	349569841927163907
TRECIS-CTIT-H-Test-010	albertaFloods2013	349570978579361792
TRECIS-CTIT-H-Test-010	albertaFloods2013	349571926458515456
TRECIS-CTIT-H-Test-010	albertaFloods2013	349575533597696001
TRECIS-CTIT-H-Test-010	albertaFloods2013	349575596482904065
TRECIS-CTIT-H-Test-010	albertaFloods2013	349577693626511363
TRECIS-CTIT-H-Test-010	albertaFloods2013	349578033394483201
TRECIS-CTIT-H-Test-010	albertaFloods2013	349579920835481603
TRECIS-CTIT-H-Test-010	albertaFloods2013	349586275193454592
TRECIS-CTIT-H-Test-010	albertaFloods2013	349607720653033473
TRECIS-CTIT-H-Test-010	albertaFloods2013	349621704466767874
TRECIS-CTIT-H-Test-010	albertaFloods2013	349622866284785665
TRECIS-CTIT-H-Test-010	albertaFloods2013	349623721943760897
TRECIS-CTIT-H-Test-010	albertaFloods2013	349625735222267904
TRECIS-CTIT-H-Test-010	albertaFloods2013	349640121684996096
TRECIS-CTIT-H-Test-010	albertaFloods2013	349647428145790978
TRECIS-CTIT-H-Test-010	albertaFloods2013	349653178540769284
TRECIS-CTIT-H-Test-010	albertaFloods2013	349663072895516672
TRECIS-CTIT-H-Test-010	albertaFloods2013	349682614174621697
TRECIS-CTIT-H-Test-010	albertaFloods2013	349683167789195264
TRECIS-CTIT-H-Test-010	albertaFloods2013	349685575332270080
TRECIS-CTIT-H-Test-010	albertaFloods2013	349693544505683968
TRECIS-CTIT-H-Test-010	albertaFloods2013	349703183033040896
TRECIS-CTIT-H-Test-010	albertaFloods2013	349706488132014081
TRECIS-CTIT-H-Test-010	albertaFloods2013	349707104686321664
TRECIS-CTIT-H-Test-010	albertaFloods2013	349721331769688065
TRECIS-CTIT-H-Test-010	albertaFloods2013	349722569097744384
TRECIS-CTIT-H-Test-010	albertaFloods2013	349724435567218689
TRECIS-CTIT-H-Test-010	albertaFloods2013	349724817253085185
TRECIS-CTIT-H-Test-010	albertaFloods2013	349739522474524672
TRECIS-CTIT-H-Test-010	albertaFloods2013	349748485697966080
TRECIS-CTIT-H-Test-010	albertaFloods2013	349753686630739969
TRECIS-CTIT-H-Test-010	albertaFloods2013	349812813738418178
TRECIS-CTIT-H-Test-010	albertaFloods2013	349845067948765185
TRECIS-CTIT-H-Test-010	albertaFloods2013	349875640239009793
TRECIS-CTIT-H-Test-010	albertaFloods2013	349882195902611459
TRECIS-CTIT-H-Test-010	albertaFloods2013	349886910312886276
TRECIS-CTIT-H-Test-010	albertaFloods2013	349904622846083073
TRECIS-CTIT-H-Test-010	albertaFloods2013	349905327522721792
TRECIS-CTIT-H-Test-010	albertaFloods2013	349921140019429377
TRECIS-CTIT-H-Test-010	albertaFloods2013	349921962128179200
TRECIS-CTIT-H-Test-010	albertaFloods2013	349922930999820289
TRECIS-CTIT-H-Test-010	albertaFloods2013	349927045603667968
TRECIS-CTIT-H-Test-010	albertaFloods2013	349938592539353088
TRECIS-CTIT-H-Test-010	albertaFloods2013	349939318145560577
TRECIS-CTIT-H-Test-010	albertaFloods2013	349941771821776897
TRECIS-CTIT-H-Test-010	albertaFloods2013	349944145802043392
TRECIS-CTIT-H-Test-010	albertaFloods2013	349946691740381184
TRECIS-CTIT-H-Test-010	albertaFloods2013	349947790631256065
TRECIS-CTIT-H-Test-010	albertaFloods2013	349952165294505984
TRECIS-CTIT-H-Test-010	albertaFloods2013	349956103758553088
TRECIS-CTIT-H-Test-010	albertaFloods2013	349960755245875200
TRECIS-CTIT-H-Test-010	albertaFloods2013	349962357444841472
TRECIS-CTIT-H-Test-010	albertaFloods2013	349963070480723970
TRECIS-CTIT-H-Test-010	albertaFloods2013	349964861452713984
TRECIS-CTIT-H-Test-010	albertaFloods2013	349975972176609282
TRECIS-CTIT-H-Test-010	albertaFloods2013	349978975306653696
TRECIS-CTIT-H-Test-010	albertaFloods2013	349980703351508993
TRECIS-CTIT-H-Test-010	albertaFloods2013	349982506877071360
TRECIS-CTIT-H-Test-010	albertaFloods2013	349982691430633474
TRECIS-CTIT-H-Test-010	albertaFloods2013	349989607854706688
TRECIS-CTIT-H-Test-010	albertaFloods2013	349990224425783296
TRECIS-CTIT-H-Test-010	albertaFloods2013	350002064920813568
TRECIS-CTIT-H-Test-010	albertaFloods2013	350005135176499200
TRECIS-CTIT-H-Test-010	albertaFloods2013	350010969444990977
TRECIS-CTIT-H-Test-010	albertaFloods2013	350020968648945665
TRECIS-CTIT-H-Test-010	albertaFloods2013	350021199369211907
TRECIS-CTIT-H-Test-010	albertaFloods2013	350029638304669696
TRECIS-CTIT-H-Test-010	albertaFloods2013	350030984672067584
TRECIS-CTIT-H-Test-010	albertaFloods2013	350035854250606595
TRECIS-CTIT-H-Test-010	albertaFloods2013	350036110082187264
TRECIS-CTIT-H-Test-010	albertaFloods2013	350044712629047298
TRECIS-CTIT-H-Test-010	albertaFloods2013	350046562291945472
TRECIS-CTIT-H-Test-010	albertaFloods2013	350067454128558080
TRECIS-CTIT-H-Test-010	albertaFloods2013	350073464566198276
TRECIS-CTIT-H-Test-010	albertaFloods2013	350078904574287872
TRECIS-CTIT-H-Test-010	albertaFloods2013	350096222876471296
TRECIS-CTIT-H-Test-010	albertaFloods2013	350100241019703297
TRECIS-CTIT-H-Test-010	albertaFloods2013	350100987589038082
TRECIS-CTIT-H-Test-010	albertaFloods2013	350101616730456065
TRECIS-CTIT-H-Test-010	albertaFloods2013	350105576149237760
TRECIS-CTIT-H-Test-010	albertaFloods2013	350105685196939264
TRECIS-CTIT-H-Test-010	albertaFloods2013	350106754757046273
TRECIS-CTIT-H-Test-010	albertaFloods2013	350106977059356672
TRECIS-CTIT-H-Test-010	albertaFloods2013	350107933373235201
TRECIS-CTIT-H-Test-010	albertaFloods2013	350130213499318272
TRECIS-CTIT-H-Test-010	albertaFloods2013	350222995689701376
TRECIS-CTIT-H-Test-010	albertaFloods2013	350261264527798275
TRECIS-CTIT-H-Test-010	albertaFloods2013	350261398766493697
TRECIS-CTIT-H-Test-010	albertaFloods2013	350268269040640000
TRECIS-CTIT-H-Test-010	albertaFloods2013	350276036879065088
TRECIS-CTIT-H-Test-010	albertaFloods2013	350304474243403777
TRECIS-CTIT-H-Test-010	albertaFloods2013	350313898852880384
TRECIS-CTIT-H-Test-010	albertaFloods2013	350317484991193088
TRECIS-CTIT-H-Test-010	albertaFloods2013	350323822559375361
TRECIS-CTIT-H-Test-010	albertaFloods2013	350367502045417473
TRECIS-CTIT-H-Test-010	albertaFloods2013	350375462863781890
TRECIS-CTIT-H-Test-010	albertaFloods2013	350401543046053888
TRECIS-CTIT-H-Test-010	albertaFloods2013	350421012984246272
TRECIS-CTIT-H-Test-010	albertaFloods2013	350424267764142081
TRECIS-CTIT-H-Test-010	albertaFloods2013	350435349115322368
TRECIS-CTIT-H-Test-010	albertaFloods2013	350438939443728385
TRECIS-CTIT-H-Test-010	albertaFloods2013	350446845698387970
TRECIS-CTIT-H-Test-010	albertaFloods2013	350452646420824064
TRECIS-CTIT-H-Test-010	albertaFloods2013	350497009565835264
TRECIS-CTIT-H-Test-010	albertaFloods2013	350563417985253379
TRECIS-CTIT-H-Test-010	albertaFloods2013	350588227297619968
TRECIS-CTIT-H-Test-010	albertaFloods2013	350600357233180673
TRECIS-CTIT-H-Test-010	albertaFloods2013	350604731888066560
TRECIS-CTIT-H-Test-010	albertaFloods2013	350609643439001601
TRECIS-CTIT-H-Test-010	albertaFloods2013	350614403965652993
TRECIS-CTIT-H-Test-010	albertaFloods2013	350619210646425600
TRECIS-CTIT-H-Test-010	albertaFloods2013	350641394295115778
TRECIS-CTIT-H-Test-010	albertaFloods2013	350644359676440579
TRECIS-CTIT-H-Test-010	albertaFloods2013	350657106157912065
TRECIS-CTIT-H-Test-010	albertaFloods2013	350657198457753600
TRECIS-CTIT-H-Test-010	albertaFloods2013	350661489218166785
TRECIS-CTIT-H-Test-010	albertaFloods2013	350670372745641985
TRECIS-CTIT-H-Test-010	albertaFloods2013	350686164325380096
TRECIS-CTIT-H-Test-010	albertaFloods2013	350708096320024576
TRECIS-CTIT-H-Test-010	albertaFloods2013	350725741777911809
TRECIS-CTIT-H-Test-010	albertaFloods2013	350726014369927168
TRECIS-CTIT-H-Test-010	albertaFloods2013	350726454801215488
TRECIS-CTIT-H-Test-010	albertaFloods2013	350728832950599680
